Workbook

Sheet FACTOR2-P
A1: Considero que mi participación en actividades de investigación, desarrollo tecnológico, creación artística, culturales, deportivas y de extensión ha contribuido a mi desarrollo integral como persona
A2: Opción | B2: Valor del factor | C2: Recuento | D2: Puntuación | H2: Tendencia
A3: Totalmente de acuerdo | B3: 5 | C3: 12 | D3: 5 | E3: =C3*D3 -> 60 | F3: =SUM(E3:E7) -> 113 | G3: =F3/$F$25 -> 0.36102236 | H3: =SUM(E3:E7)/SUM(C3:C7) -> 4.1851852
A4: De acuerdo | B4: 4 | C4: 8 | D4: 4 | E4: =C4*D4 -> 32
A5: Ni en acuerdo ni en desacuerdo | B5: 3 | C5: 7 | D5: 3 | E5: =C5*D5 -> 21
A6: En desacuerdo | B6: 2 | C6: 0 | D6: 2 | E6: =C6*D6 -> 0
A7: Totalmente en desacuerdo | B7: 1 | C7: 0 | D7: 1 | E7: =C7*D7 -> 0
A9: Considero que el reglamento estudiantil y las políticas académicas del programa son pertinentes y están actualizadas.
A10: Opción | B10: Valor del factor | C10: Recuento | D10: Puntuación | H10: Tendencia
A11: Totalmente de acuerdo | B11: 5 | C11: 5 | D11: 5 | E11: =C11*D11 -> 25 | F11: =SUM(E11:E15) -> 104 | G11: =F11/$F$25 -> 0.33226837 | H11: =SUM(E11:E15)/SUM(C11:C15) -> 3.8518519
A12: De acuerdo | B12: 4 | C12: 16 | D12: 4 | E12: =C12*D12 -> 64
A13: Ni en acuerdo ni en desacuerdo | B13: 3 | C13: 4 | D13: 3 | E13: =C13*D13 -> 12
A14: En desacuerdo | B14: 2 | C14: 1 | D14: 2 | E14: =C14*D14 -> 2
A15: Totalmente en desacuerdo | B15: 1 | C15: 1 | D15: 1 | E15: =C15*D15 -> 1
A17: Considero que los criterios para la concesión de estímulos académicos y apoyos socioeconómicos, son claros y justos.
A18: Opción | B18: Valor del factor | C18: Recuento | D18: Puntuación | H18: Tendencia
A19: Totalmente de acuerdo | B19: 5 | C19: 5 | D19: 5 | E19: =C19*D19 -> 25 | F19: =SUM(E19:E23) -> 96 | G19: =F19/$F$25 -> 0.30670927 | H19: =SUM(E19:E23)/SUM(C19:C23) -> 3.5555556
A20: De acuerdo | B20: 4 | C20: 9 | D20: 4 | E20: =C20*D20 -> 36
A21: Ni en acuerdo ni en desacuerdo | B21: 3 | C21: 9 | D21: 3 | E21: =C21*D21 -> 27
A22: En desacuerdo | B22: 2 | C22: 4 | D22: 2 | E22: =C22*D22 -> 8
A23: Totalmente en desacuerdo | B23: 1 | C23: 0 | D23: 1 | E23: =C23*D23 -> 0
F25: =F3+F11+F19 -> 313 | G25: =G3+G11+G19 -> 1 | H25: =(H3+H11+H19)/3 -> 3.8641975

Sheet FACTOR3-P
A1: Considero que el material académico producido por los docentes es pertinente y adecuado con las necesidades y objetivos de la Maestría en Ciencias de la Información y las Comunicaciones.
A2: Opción | B2: Valor del factor | C2: Recuento | D2: Puntuación | H2: Tendencia
A3: Totalmente de acuerdo | B3: 5 | C3: 9 | D3: 5 | E3: =C3*D3 -> 45 | F3: =SUM(E3:E7) -> 115 | G3: =F3/$F$25 -> 0.49568966 | H3: =SUM(E3:E7)/SUM(C3:C7) -> 4.2592593
A4: De acuerdo | B4: 4 | C4: 16 | D4: 4 | E4: =C4*D4 -> 64
A5: Ni en acuerdo ni en desacuerdo | B5: 3 | C5: 2 | D5: 3 | E5: =C5*D5 -> 6
A6: En desacuerdo | B6: 2 | C6: 0 | D6: 2 | E6: =C6*D6 -> 0
A7: Totalmente en desacuerdo | B7: 1 | C7: 0 | D7: 1 | E7: =C7*D7 -> 0
A9: Considero que los criterios y mecanismos utilizados para la evaluación de los profesores son transparentes, accesibles y eficaces
A10: Opción | B10: Valor del factor | C10: Recuento | D10: Puntuación | H10: Tendencia
A11: Totalmente de acuerdo | B11: 5 | C11: 11 | D11: 5 | E11: =C11*D11 -> 55 | F11: =SUM(E11:E15) -> 117 | G11: =F11/$F$25 -> 0.50431034 | H11: =SUM(E11:E15)/SUM(C11:C15) -> 4.3333333
A12: De acuerdo | B12: 4 | C12: 14 | D12: 4 | E12: =C12*D12 -> 56
A13: Ni en acuerdo ni en desacuerdo | B13: 3 | C13: 2 | D13: 3 | E13: =C13*D13 -> 6
A14: En desacuerdo | B14: 2 | C14: 0 | D14: 2 | E14: =C14*D14 -> 0
A15: Totalmente en desacuerdo | B15: 1 | C15: 0 | D15: 1 | E15: =C15*D15 -> 0
F25: =F3+F11+F19 -> 232 | G25: =G3+G11+G19 -> 1 | H25: =(H3+H11+H19)/2 -> 4.2962963 | I25: =AVERAGE(H3,H11,H19) -> 4.2962963

Sheet FACTOR5-P
A1: Considero que las estrategias de flexibilidad curricular me han permitido personalizar mi formación de acuerdo con mis objetivos profesionales y académicos.
A2: Opción | B2: Valor del factor | C2: Recuento | D2: Puntuación | H2: Tendencia
A3: Totalmente de acuerdo | B3: 5 | C3: 6 | D3: 5 | E3: =C3*D3 -> 30 | F3: =SUM(E3:E7) -> 97 | G3: =F3/$F$41 -> 0.23261391 | H3: =SUM(E3:E7)/SUM(C3:C7) -> 3.5925926
A4: De acuerdo | B4: 4 | C4: 7 | D4: 4 | E4: =C4*D4 -> 28
A5: Ni en acuerdo ni en desacuerdo | B5: 3 | C5: 12 | D5: 3 | E5: =C5*D5 -> 36
A6: En desacuerdo | B6: 2 | C6: 1 | D6: 2 | E6: =C6*D6 -> 2
A7: Totalmente en desacuerdo | B7: 1 | C7: 1 | D7: 1 | E7: =C7*D7 -> 1
A9: ¿Cómo valorarías la efectividad de los énfasis en "Teleinformática" “Ingeniería de Software”, “Geomática” y "Inteligencia Artificial" en la formación integral de los estudiantes?
A10: Opción | B10: Valor del factor | C10: Recuento | D10: Puntuación | H10: Tendencia
A11: Totalmente de acuerdo | B11: 5 | C11: 0 | D11: 5 | E11: =C11*D11 -> 0 | F11: =SUM(E11:E15) -> 0 | G11: =F11/$F$41 -> 0 | H11: =SUM(E11:E15)/SUM(C11:C15) -> #DIV/0!
A12: De acuerdo | B12: 4 | C12: 0 | D12: 4 | E12: =C12*D12 -> 0
A13: Ni en acuerdo ni en desacuerdo | B13: 3 | C13: 0 | D13: 3 | E13: =C13*D13 -> 0
A14: En desacuerdo | B14: 2 | C14: 0 | D14: 2 | E14: =C14*D14 -> 0
A15: Totalmente en desacuerdo | B15: 1 | C15: 0 | D15: 1 | E15: =C15*D15 -> 0
A17: Considero que las estrategias pedagógicas y escenarios de práctica utilizadas en la Maestría en Ciencias de la Información y las Comunicaciones son coherentes y efectivas para facilitar los resultados
A18: Opción | B18: Valor del factor | C18: Recuento | D18: Puntuación | H18: Tendencia
A19: Totalmente de acuerdo | B19: 5 | C19: 5 | D19: 5 | E19: =C19*D19 -> 25 | F19: =SUM(E19:E23) -> 107 | G19: =F19/$F$41 -> 0.25659472 | H19: =SUM(E19:E23)/SUM(C19:C23) -> 3.962963
A20: De acuerdo | B20: 4 | C20: 17 | D20: 4 | E20: =C20*D20 -> 68
A21: Ni en acuerdo ni en desacuerdo | B21: 3 | C21: 4 | D21: 3 | E21: =C21*D21 -> 12
A22: En desacuerdo | B22: 2 | C22: 1 | D22: 2 | E22: =C22*D22 -> 2
A23: Totalmente en desacuerdo | B23: 1 | C23: 0 | D23: 1 | E23: =C23*D23 -> 0
A25: Considero que los sistemas de evaluación de los resultados de aprendizaje permiten una realimentación efectiva que contribuye a la mejora continua de la formación en los estudiantes.
A26: Opción | B26: Valor del factor | C26: Recuento | D26: Puntuación | H26: Tendencia
A27: Totalmente de acuerdo | B27: 5 | C27: 9 | D27: 5 | E27: =C27*D27 -> 45 | F27: =SUM(E27:E31) -> 112 | G27: =F27/$F$41 -> 0.26858513 | H27: =SUM(E27:E31)/SUM(C27:C31) -> 4.1481481
A28: De acuerdo | B28: 4 | C28: 13 | D28: 4 | E28: =C28*D28 -> 52
A29: Ni en acuerdo ni en desacuerdo | B29: 3 | C29: 5 | D29: 3 | E29: =C29*D29 -> 15
A30: En desacuerdo | B30: 2 | C30: 0 | D30: 2 | E30: =C30*D30 -> 0
A31: Totalmente en desacuerdo | B31: 1 | C31: 0 | D31: 1 | E31: =C31*D31 -> 0
A33: Considero que el proceso de evaluación y autorregulación de la Maestría en Ciencias de la Información y las Comunicaciones tiene en cuenta de manera efectiva las necesidades y expectativas de los estudiantes
A34: Opción | B34: Valor del factor | C34: Recuento | D34: Puntuación | H34: Tendencia
A35: Totalmente de acuerdo | B35: 5 | C35: 4 | D35: 5 | E35: =C35*D35 -> 20 | F35: =SUM(E35:E39) -> 101 | G35: =F35/$F$41 -> 0.24220624 | H35: =SUM(E35:E39)/SUM(C35:C39) -> 3.7407407
A36: De acuerdo | B36: 4 | C36: 13 | D36: 4 | E36: =C36*D36 -> 52
A37: Ni en acuerdo ni en desacuerdo | B37: 3 | C37: 9 | D37: 3 | E37: =C37*D37 -> 27
A38: En desacuerdo | B38: 2 | C38: 1 | D38: 2 | E38: =C38*D38 -> 2
A39: Totalmente en desacuerdo | B39: 1 | C39: 0 | D39: 1 | E39: =C39*D39 -> 0
F41: =F3+F11+F19+F27+F35 -> 417 | G41: =G3+G11+G19+G27+G35 -> 1 | H41: =AVERAGE(H3,H19,H27,H35) -> 3.8611111

Sheet FACTOR6-P
A1: Considero que las intervenciones y el apoyo proporcionados para alertarme de forma temprana, han sido útiles para mejorar mi rendimiento académico y facilitar mi progreso hacia la graduación.
A2: Opción | B2: Valor del factor | C2: Recuento | D2: Puntuación | H2: Tendencia
A3: Totalmente de acuerdo | B3: 5 | C3: 6 | D3: 5 | E3: =C3*D3 -> 30 | F3: =SUM(E3:E7) -> 109 | G3: =F3/$F$9 -> 1 | H3: =SUM(E3:E7)/SUM(C3:C7) -> 4.037037
A4: De acuerdo | B4: 4 | C4: 16 | D4: 4 | E4: =C4*D4 -> 64
A5: Ni en acuerdo ni en desacuerdo | B5: 3 | C5: 5 | D5: 3 | E5: =C5*D5 -> 15
A6: En desacuerdo | B6: 2 | C6: 0 | D6: 2 | E6: =C6*D6 -> 0
A7: Totalmente en desacuerdo | B7: 1 | C7: 0 | D7: 1 | E7: =C7*D7 -> 0
F9: =F3 -> 109

Sheet FACTOR7-P 
A1: Considero que la interacción con homólogos nacionales e internacionales ha mejorado mis competencias académicas y científicas, así como las oportunidades de desarrollo profesional.
A2: Opción | B2: Valor del factor | C2: Recuento | D2: Puntuación | H2: Tendencia
A3: Totalmente de acuerdo | B3: 5 | C3: 2 | D3: 5 | E3: =C3*D3 -> 10 | F3: =SUM(E3:E7) -> 90 | G3: =F3/$F$9 -> 1 | H3: =SUM(E3:E7)/SUM(C3:C7) -> 3.3333333
A4: De acuerdo | B4: 4 | C4: 5 | D4: 4 | E4: =C4*D4 -> 20
A5: Ni en acuerdo ni en desacuerdo | B5: 3 | C5: 20 | D5: 3 | E5: =C5*D5 -> 60
A6: En desacuerdo | B6: 2 | C6: 0 | D6: 2 | E6: =C6*D6 -> 0
A7: Totalmente en desacuerdo | B7: 1 | C7: 0 | D7: 1 | E7: =C7*D7 -> 0
F9: =F3 -> 90

Sheet FACTOR8-P
A1: Considero que la Maestría en Ciencias de la Información y las Comunicaciones me proporciona una formación adecuada para la investigación, fomentando el desarrollo de un pensamiento crítico, creativo e innovador
A2: Opción | B2: Valor del factor | C2: Recuento | D2: Puntuación | H2: Tendencia
A3: Totalmente de acuerdo | B3: 5 | C3: 10 | D3: 5 | E3: =C3*D3 -> 50 | F3: =SUM(E3:E7) -> 115 | G3: =F3/$F$9 -> 1 | H3: =SUM(E3:E7)/SUM(C3:C7) -> 4.2592593
A4: De acuerdo | B4: 4 | C4: 15 | D4: 4 | E4: =C4*D4 -> 60
A5: Ni en acuerdo ni en desacuerdo | B5: 3 | C5: 1 | D5: 3 | E5: =C5*D5 -> 3
A6: En desacuerdo | B6: 2 | C6: 1 | D6: 2 | E6: =C6*D6 -> 2
A7: Totalmente en desacuerdo | B7: 1 | C7: 0 | D7: 1 | E7: =C7*D7 -> 0
F9: =F3 -> 115

Sheet FACTOR9-P
A1: Considero que las políticas, programas y servicios de bienestar implementados en Maestría en Ciencias de la Información y las Comunicaciones son coherentes con las condiciones y necesidades específica
A2: Opción | B2: Valor del factor | C2: Recuento | D2: Puntuación | H2: Tendencia
A3: Totalmente de acuerdo | B3: 5 | C3: 4 | D3: 5 | E3: =C3*D3 -> 20 | F3: =SUM(E3:E7) -> 102 | G3: =F3/$F$9 -> 1 | H3: =SUM(E3:E7)/SUM(C3:C7) -> 3.7777778
A4: De acuerdo | B4: 4 | C4: 14 | D4: 4 | E4: =C4*D4 -> 56
A5: Ni en acuerdo ni en desacuerdo | B5: 3 | C5: 8 | D5: 3 | E5: =C5*D5 -> 24
A6: En desacuerdo | B6: 2 | C6: 1 | D6: 2 | E6: =C6*D6 -> 2
A7: Totalmente en desacuerdo | B7: 1 | C7: 0 | D7: 1 | E7: =C7*D7 -> 0
F9: =F3 -> 102

Sheet FACTOR10-P
A1: Considero que los espacios, recurso, herramientas y equipos de apoyo ofrecidos son pertinentes y se ajustan adecuadamente a mis necesidades formativas en los diferentes contextos que requiero.
A2: Opción | B2: Valor del factor | C2: Recuento | D2: Puntuación | H2: Tendencia
A3: Totalmente de acuerdo | B3: 5 | C3: 6 | D3: 5 | E3: =C3*D3 -> 30 | F3: =SUM(E3:E7) -> 106 | G3: =F3/$F$25 -> 0.48401826 | H3: =SUM(E3:E7)/SUM(C3:C7) -> 3.9259259
A4: De acuerdo | B4: 4 | C4: 15 | D4: 4 | E4: =C4*D4 -> 60
A5: Ni en acuerdo ni en desacuerdo | B5: 3 | C5: 4 | D5: 3 | E5: =C5*D5 -> 12
A6: En desacuerdo | B6: 2 | C6: 2 | D6: 2 | E6: =C6*D6 -> 4
A7: Totalmente en desacuerdo | B7: 1 | C7: 0 | D7: 1 | E7: =C7*D7 -> 0
A9: Considero que el material bibliográfico y de información disponible en la Maestría en Ciencias de la Información y las Comunicaciones es pertinente y adecuado para apoyar el desarrollo de las distinta
A10: Opción | B10: Valor del factor | C10: Recuento | D10: Puntuación | H10: Tendencia
A11: Totalmente de acuerdo | B11: 5 | C11: 9 | D11: 5 | E11: =C11*D11 -> 45 | F11: =SUM(E11:E15) -> 113 | G11: =F11/$F$25 -> 0.51598174 | H11: =SUM(E11:E15)/SUM(C11:C15) -> 4.1851852
A12: De acuerdo | B12: 4 | C12: 14 | D12: 4 | E12: =C12*D12 -> 56
A13: Ni en acuerdo ni en desacuerdo | B13: 3 | C13: 4 | D13: 3 | E13: =C13*D13 -> 12
A14: En desacuerdo | B14: 2 | C14: 0 | D14: 2 | E14: =C14*D14 -> 0
A15: Totalmente en desacuerdo | B15: 1 | C15: 0 | D15: 1 | E15: =C15*D15 -> 0
F25: =F3+F11+F19 -> 219 | G25: =G3+G11+G19 -> 1 | H25: =(H3+H11+H19)/2 -> 4.0555556 | I25: =AVERAGE(H3,H11,H19) -> 4.0555556

Sheet FACTOR11-P
A1: Considero que el representante estudiantil en los diferentes escenarios institucionales ha sido valorada y ha influido en las decisiones orientadas al mejoramiento de la Maestría en Ciencias de la Información
A2: Opción | B2: Valor del factor | C2: Recuento | D2: Puntuación | H2: Tendencia
A3: Totalmente de acuerdo | B3: 5 | C3: 2 | D3: 5 | E3: =C3*D3 -> 10 | F3: =SUM(E3:E7) -> 83 | G3: =F3/$F$25 -> 0.28919861 | H3: =SUM(E3:E7)/SUM(C3:C7) -> 3.0740741
A4: De acuerdo | B4: 4 | C4: 2 | D4: 4 | E4: =C4*D4 -> 8
A5: Ni en acuerdo ni en desacuerdo | B5: 3 | C5: 20 | D5: 3 | E5: =C5*D5 -> 60
A6: En desacuerdo | B6: 2 | C6: 2 | D6: 2 | E6: =C6*D6 -> 4
A7: Totalmente en desacuerdo | B7: 1 | C7: 1 | D7: 1 | E7: =C7*D7 -> 1
A9: Creo que los procesos administrativos están orientados adecuadamente y son eficaces para apoyar el desarrollo integral de las labores formativas, académicas, docentes, científicas, culturales y de extensión de la maestria en ciencias de la información y las comunicaciones
A10: Opción | B10: Valor del factor | C10: Recuento | D10: Puntuación | H10: Tendencia
A11: Totalmente de acuerdo | B11: 5 | C11: 3 | D11: 5 | E11: =C11*D11 -> 15 | F11: =SUM(E11:E15) -> 102 | G11: =F11/$F$25 -> 0.3554007 | H11: =SUM(E11:E15)/SUM(C11:C15) -> 3.7777778
A12: De acuerdo | B12: 4 | C12: 17 | D12: 4 | E12: =C12*D12 -> 68
A13: Ni en acuerdo ni en desacuerdo | B13: 3 | C13: 5 | D13: 3 | E13: =C13*D13 -> 15
A14: En desacuerdo | B14: 2 | C14: 2 | D14: 2 | E14: =C14*D14 -> 4
A15: Totalmente en desacuerdo | B15: 1 | C15: 0 | D15: 1 | E15: =C15*D15 -> 0
A17: Considero que los recursos humanos (profesores, personal administrativo, etc.) disponibles en la Maestría en Ciencias de la Información y las Comunicaciones son suficientes y adecuados para atender el l número de estudiantes matriculados y cumplir con los objetivos del Proyecto Educativo del Programa (PEP)
A18: Opción | B18: Valor del factor | C18: Recuento | D18: Puntuación | H18: Tendencia
A19: Totalmente de acuerdo | B19: 5 | C19: 6 | D19: 5 | E19: =C19*D19 -> 30 | F19: =SUM(E19:E23) -> 102 | G19: =F19/$F$25 -> 0.3554007 | H19: =SUM(E19:E23)/SUM(C19:C23) -> 3.7777778
A20: De acuerdo | B20: 4 | C20: 13 | D20: 4 | E20: =C20*D20 -> 52
A21: Ni en acuerdo ni en desacuerdo | B21: 3 | C21: 4 | D21: 3 | E21: =C21*D21 -> 12
A22: En desacuerdo | B22: 2 | C22: 4 | D22: 2 | E22: =C22*D22 -> 8
A23: Totalmente en desacuerdo | B23: 1 | C23: 0 | D23: 1 | E23: =C23*D23 -> 0
F25: =F3+F11+F19 -> 287 | G25: =G3+G11+G19 -> 1 | H25: =(H3+H11+H19)/3 -> 3.5432099 | I25: =AVERAGE(H3,H11,H19) -> 3.5432099

Sheet FACTOR12-P
A1: Considero que los recursos informáticos disponibles, corresponden adecuadamente con las necesidades tecnológicas de la Maestria de ciencias de la información y las comunicaciones y de sus miembros (profesores y estudiantes)
A2: Opción | B2: Valor del factor | C2: Recuento | D2: Puntuación | H2: Tendencia
A3: Totalmente de acuerdo | B3: 5 | C3: 8 | D3: 5 | E3: =C3*D3 -> 40 | F3: =SUM(E3:E7) -> 110 | G3: =F3/$F$9 -> 1 | H3: =SUM(E3:E7)/SUM(C3:C7) -> 4.0740741
A4: De acuerdo | B4: 4 | C4: 13 | D4: 4 | E4: =C4*D4 -> 52
A5: Ni en acuerdo ni en desacuerdo | B5: 3 | C5: 6 | D5: 3 | E5: =C5*D5 -> 18
A6: En desacuerdo | B6: 2 | C6: 0 | D6: 2 | E6: =C6*D6 -> 0
A7: Totalmente en desacuerdo | B7: 1 | C7: 0 | D7: 1 | E7: =C7*D7 -> 0
F9: =F3 -> 110

Sheet Graficos-P
A2: FACTOR 2 | B2: PONDERACIÓN
A3: ='FACTOR2-P'!A1:J1 -> Considero que mi participación en actividades de investigación, desarrollo tecnológico, creación artística, culturales, deportivas y de extensión ha contribuido a mi desarrollo integral como persona | B3: ='FACTOR2-P'!G3:G7 -> 0.36102236
A4: ='FACTOR2-P'!A9:J9 -> Considero que el reglamento estudiantil y las políticas académicas del programa son pertinentes y están actualizadas. | B4: ='FACTOR2-P'!G11 -> 0.33226837
A5: ='FACTOR2-P'!A17:J17 -> Considero que los criterios para la concesión de estímulos académicos y apoyos socioeconómicos, son claros y justos. | B5: ='FACTOR2-P'!G19 -> 0.30670927
A8: FACTOR 3 | B8: PONDERACIÓN
A9: ='FACTOR3-P'!A1:J1 -> Considero que el material académico producido por los docentes es pertinente y adecuado con las necesidades y objetivos de la Maestría en Ciencias de la Información y las Comunicaciones. | B9: ='FACTOR3-P'!G3 -> 0.49568966
A10: ='FACTOR3-P'!A9:J9 -> Considero que los criterios y mecanismos utilizados para la evaluación de los profesores son transparentes, accesibles y eficaces | B10: ='FACTOR3-P'!G11 -> 0.50431034
A13: FACTOR 5 | B13: PONDERACIÓN
A14: ='FACTOR5-P'!A1:J1 -> Considero que las estrategias de flexibilidad curricular me han permitido personalizar mi formación de acuerdo con mis objetivos profesionales y académicos. | B14: ='FACTOR5-P'!G3 -> 0.23261391
A15: ='FACTOR5-P'!A17:J17 -> Considero que las estrategias pedagógicas y escenarios de práctica utilizadas en la Maestría en Ciencias de la Información y las Comunicaciones son coherentes y efectivas para facilitar los resultados | B15: ='FACTOR5-P'!G19 -> 0.25659472
A16: ='FACTOR5-P'!A25:J25 -> Considero que los sistemas de evaluación de los resultados de aprendizaje permiten una realimentación efectiva que contribuye a la mejora continua de la formación en los estudiantes. | B16: ='FACTOR5-P'!G27 -> 0.26858513
A17: ='FACTOR5-P'!A33:J33 -> Considero que el proceso de evaluación y autorregulación de la Maestría en Ciencias de la Información y las Comunicaciones tiene en cuenta de manera efectiva las necesidades y expectativas de los estudiantes | B17: ='FACTOR5-P'!G35 -> 0.24220624
A20: FACTOR 6 | B20: PONDERACIÓN
A21: ='FACTOR6-P'!A1:J1 -> Considero que las intervenciones y el apoyo proporcionados para alertarme de forma temprana, han sido útiles para mejorar mi rendimiento académico y facilitar mi progreso hacia la graduación. | B21: ='FACTOR6-P'!G3 -> 1
A23: FACTOR 7 | B23: PONDERACIÓN
A24: ='FACTOR7-P '!A1:J1 -> Considero que la interacción con homólogos nacionales e internacionales ha mejorado mis competencias académicas y científicas, así como las oportunidades de desarrollo profesional. | B24: ='FACTOR7-P '!G3 -> 1
A27: FACTOR 8 | B27: PONDERACIÓN
A28: ='FACTOR8-P'!A1:J1 -> Considero que la Maestría en Ciencias de la Información y las Comunicaciones me proporciona una formación adecuada para la investigación, fomentando el desarrollo de un pensamiento crítico, creativo e innovador | B28: ='FACTOR8-P'!G3 -> 1
A31: FACTOR 9 | B31: PONDERACIÓN
A32: ='FACTOR9-P'!A1:J1 -> Considero que las políticas, programas y servicios de bienestar implementados en Maestría en Ciencias de la Información y las Comunicaciones son coherentes con las condiciones y necesidades específica | B32: ='FACTOR8-P'!G3 -> 1
A34: FACTOR 10 | B34: PONDERACIÓN
A35: ='FACTOR10-P'!A1:J1 -> Considero que los espacios, recurso, herramientas y equipos de apoyo ofrecidos son pertinentes y se ajustan adecuadamente a mis necesidades formativas en los diferentes contextos que requiero. | B35: ='FACTOR10-P'!G3 -> 0.48401826
A36: ='FACTOR10-P'!A9:J9 -> Considero que el material bibliográfico y de información disponible en la Maestría en Ciencias de la Información y las Comunicaciones es pertinente y adecuado para apoyar el desarrollo de las distinta | B36: ='FACTOR10-P'!G11 -> 0.51598174
A38: FACTOR 11 | B38: PONDERACIÓN
A39: ='FACTOR11-P'!A1:J1 -> Considero que el representante estudiantil en los diferentes escenarios institucionales ha sido valorada y ha influido en las decisiones orientadas al mejoramiento de la Maestría en Ciencias de la Información | B39: ='FACTOR11-P'!G3 -> 0.28919861
A40: ='FACTOR11-P'!A9:J9 -> Creo que los procesos administrativos están orientados adecuadamente y son eficaces para apoyar el desarrollo integral de las labores formativas, académicas, docentes, científicas, culturales y de extensión de la maestria en ciencias de la información y las comunicaciones | B40: ='FACTOR11-P'!G11 -> 0.3554007
A41: ='FACTOR11-P'!A17:J17 -> Considero que los recursos humanos (profesores, personal administrativo, etc.) disponibles en la Maestría en Ciencias de la Información y las Comunicaciones son suficientes y adecuados para atender el l número de estudiantes matriculados y cumplir con los objetivos del Proyecto Educativo del Programa (PEP) | B41: ='FACTOR11-P'!G19 -> 0.3554007
A43: FACTOR 12 | B43: PONDERACIÓN
A44: ='FACTOR12-P'!A1:J1 -> Considero que los recursos informáticos disponibles, corresponden adecuadamente con las necesidades tecnológicas de la Maestria de ciencias de la información y las comunicaciones y de sus miembros (profesores y estudiantes) | B44: ='FACTOR12-P'!G3 -> 1
