Workbook

Sheet FACTOR4-P
A1: Las competencias adquiridas durante mi formación en la maestría (técnicas, investigativas, pedagógicas, etc.) han sido suficientes y relevantes para mi desarrollo profesional.
A2: Opción | B2: Valor del factor | C2: Recuento | D2: Puntuación | H2: Tendencia
A3: Totalmente de acuerdo | B3: 5 | C3: 2 | D3: 5 | E3: =C3*D3 -> 10 | F3: =SUM(E3:E7) -> 18 | G3: =F3/$F$20 -> 0.48648649 | H3: =SUM(E3:E7)/SUM(C3:C7) -> 3.6
A4: De acuerdo | B4: 4 | C4: 1 | D4: 4 | E4: =C4*D4 -> 4
A5: Ni en acuerdo ni en desacuerdo | B5: 3 | C5: 0 | D5: 3 | E5: =C5*D5 -> 0
A6: En desacuerdo | B6: 2 | C6: 2 | D6: 2 | E6: =C6*D6 -> 4
A7: Totalmente en desacuerdo | B7: 1 | C7: 0 | D7: 1 | E7: =C7*D7 -> 0
A10: Considero que mi formación en la maestría ha influido positivamente en mi desarrollo profesional, así como en la mejora de oportunidades en mi campo laboral.
A11: Opción | B11: Valor del factor | C11: Recuento | D11: Puntuación | H11: Tendencia
A12: Totalmente de acuerdo | B12: 5 | C12: 1 | D12: 5 | E12: =C12*D12 -> 5 | F12: =SUM(E12:E16) -> 19 | G12: =F12/$F$20 -> 0.51351351 | H12: =SUM(E12:E16)/SUM(C12:C16) -> 3.8
A13: De acuerdo | B13: 4 | C13: 3 | D13: 4 | E13: =C13*D13 -> 12
A14: Ni en acuerdo ni en desacuerdo | B14: 3 | C14: 0 | D14: 3 | E14: =C14*D14 -> 0
A15: En desacuerdo | B15: 2 | C15: 1 | D15: 2 | E15: =C15*D15 -> 2
A16: Totalmente en desacuerdo | B16: 1 | C16: 0 | D16: 1 | E16: =C16*D16 -> 0
F20: =F3+F12 -> 37 | G20: =G3+G12 -> 1 | H20: =AVERAGE(H3,H12) -> 3.7

Sheet FACTOR5-P
A1: Considero que las estrategias de flexibilidad curricular me permitieron personalizar mi formación de acuerdo con mis objetivos profesionales y académicos.
A2: Opción | B2: Valor del factor | C2: Recuento | D2: Puntuación | H2: Tendencia
A3: Totalmente de acuerdo | B3: 5 | C3: 2 | D3: 5 | E3: =C3*D3 -> 10 | F3: =SUM(E3:E7) -> 20 | G3: =F3/$F$13 -> 1 | H3: =SUM(E3:E7)/SUM(C3:C7) -> 4
A4: De acuerdo | B4: 4 | C4: 2 | D4: 4 | E4: =C4*D4 -> 8
A5: Ni en acuerdo ni en desacuerdo | B5: 3 | C5: 0 | D5: 3 | E5: =C5*D5 -> 0
A6: En desacuerdo | B6: 2 | C6: 1 | D6: 2 | E6: =C6*D6 -> 2
A7: Totalmente en desacuerdo | B7: 1 | C7: 0 | D7: 1 | E7: =C7*D7 -> 0
F13: =F3 -> 20 | G13: =G3 -> 1

Sheet FACTOR7-P
A1: Considero que la interacción con homólogos nacionales e internacionales me permitió mejorar mis competencias académicas y científicas, así como las oportunidades de desarrollo profesional.
A2: Opción | B2: Valor del factor | C2: Recuento | D2: Puntuación | H2: Tendencia
A3: Totalmente de acuerdo | B3: 5 | C3: 0 | D3: 5 | E3: =C3*D3 -> 0 | F3: =SUM(E3:E7) -> 15 | G3: =F3/$F$13 -> 1 | H3: =SUM(E3:E7)/SUM(C3:C7) -> 3
A4: De acuerdo | B4: 4 | C4: 1 | D4: 4 | E4: =C4*D4 -> 4
A5: Ni en acuerdo ni en desacuerdo | B5: 3 | C5: 3 | D5: 3 | E5: =C5*D5 -> 9
A6: En desacuerdo | B6: 2 | C6: 1 | D6: 2 | E6: =C6*D6 -> 2
A7: Totalmente en desacuerdo | B7: 1 | C7: 0 | D7: 1 | E7: =C7*D7 -> 0
F13: =F3 -> 15 | G13: =G3 -> 1

Sheet FACTOR11-P
A1: Considero que el representante estudiantil y de egresados en los diferentes escenarios institucionales, ha sido valorada y ha influido en las decisiones orientadas al mejoramiento de la Maestría en Ci.
A2: Opción | B2: Valor del factor | C2: Recuento | D2: Puntuación | H2: Tendencia
A3: Totalmente de acuerdo | B3: 5 | C3: 0 | D3: 5 | E3: =C3*D3 -> 0 | F3: =SUM(E3:E7) -> 12 | G3: =F3/$F$13 -> 1 | H3: =SUM(E3:E7)/SUM(C3:C7) -> 2.4
A4: De acuerdo | B4: 4 | C4: 1 | D4: 4 | E4: =C4*D4 -> 4
A5: Ni en acuerdo ni en desacuerdo | B5: 3 | C5: 2 | D5: 3 | E5: =C5*D5 -> 6
A6: En desacuerdo | B6: 2 | C6: 0 | D6: 2 | E6: =C6*D6 -> 0
A7: Totalmente en desacuerdo | B7: 1 | C7: 2 | D7: 1 | E7: =C7*D7 -> 2
F13: =F3 -> 12 | G13: =G3 -> 1

Sheet CARACT-P
A1: ¿En qué sector se desempeña su trabajo actual?
A2: Opción | B2: Valor del factor | C2: Recuento | D2: Puntuación | H2: Tendencia
A3: Sector primario (agricultura, ganadería, pesca, minería) | B3: 5 | C3: 0 | D3: 5 | E3: =C3*D3 -> 0 | F3: =SUM(E3:E7) -> 11 | G3: =F3/$F$13 -> 1 | H3: =SUM(E3:E7)/SUM(C3:C7) -> 2.2
A4: Sector público (administración pública, gobierno) | B4: 4 | C4: 0 | D4: 4 | E4: =C4*D4 -> 0
A5: Sector terciario (comercio, servicios: educación, salud, finanzas, etc.) | B5: 3 | C5: 1 | D5: 3 | E5: =C5*D5 -> 3
A6: Tecnología (desarrollo de software, IA, ciberseguridad, telecomunicaciones) | B6: 2 | C6: 4 | D6: 2 | E6: =C6*D6 -> 8
A7: Otro | B7: 1 | C7: 0 | D7: 1 | E7: =C7*D7 -> 0
F13: =F3 -> 11 | G13: =G3 -> 1
A18: ¿El trabajo que realiza actualmente se relaciona directamente con los conocimientos adquiridos en la maestría?
A19: Opción | B19: Valor del factor | C19: Recuento | D19: Puntuación | H19: Tendencia
A20: Totalmente de acuerdo | B20: 5 | C20: 1 | D20: 5 | E20: =C20*D20 -> 5 | F20: =SUM(E20:E24) -> 20 | G20: =F20/$F$30 -> 1 | H20: =SUM(E20:E24)/SUM(C20:C24) -> 4
A21: De acuerdo | B21: 4 | C21: 3 | D21: 4 | E21: =C21*D21 -> 12
A22: Ni en acuerdo ni en desacuerdo | B22: 3 | C22: 1 | D22: 3 | E22: =C22*D22 -> 3
A23: En desacuerdo | B23: 2 | C23: 0 | D23: 2 | E23: =C23*D23 -> 0
A24: Totalmente en desacuerdo | B24: 1 | C24: 0 | D24: 1 | E24: =C24*D24 -> 0
F30: =F20 -> 20 | G30: =G20 -> 1
A34: ¿Siente que la maestría te ha abierto nuevas oportunidades laborales?
A35: Opción | B35: Valor del factor | C35: Recuento | D35: Puntuación | H35: Tendencia
A36: Totalmente de acuerdo | B36: 5 | C36: 0 | D36: 5 | E36: =C36*D36 -> 0 | F36: =SUM(E36:E40) -> 17 | G36: =F36/$F$46 -> 1 | H36: =SUM(E36:E40)/SUM(C36:C40) -> 3.4
A37: De acuerdo | B37: 4 | C37: 3 | D37: 4 | E37: =C37*D37 -> 12
A38: Ni en acuerdo ni en desacuerdo | B38: 3 | C38: 1 | D38: 3 | E38: =C38*D38 -> 3
A39: En desacuerdo | B39: 2 | C39: 1 | D39: 2 | E39: =C39*D39 -> 2
A40: Totalmente en desacuerdo | B40: 1 | C40: 0 | D40: 1 | E40: =C40*D40 -> 0
F46: =F36 -> 17 | G46: =G36 -> 1

Sheet Graficos-P
A2: FACTOR 4 | B2: PONDERACIÓN
A3: ='FACTOR4-P'!$A$1:$J$1 -> Las competencias adquiridas durante mi formación en la maestría (técnicas, investigativas, pedagógicas, etc.) han sido suficientes y relevantes para mi desarrollo profesional. | B3: ='FACTOR4-P'!$G$3 -> 0.48648649
A4: ='FACTOR4-P'!$A$10:$J$10 -> Considero que mi formación en la maestría ha influido positivamente en mi desarrollo profesional, así como en la mejora de oportunidades en mi campo laboral. | B4: ='FACTOR4-P'!$G$12 -> 0.51351351
A7: FACTOR 5 | B7: PONDERACIÓN
A8: ='FACTOR5-P'!$A$1:$J$1 -> Considero que las estrategias de flexibilidad curricular me permitieron personalizar mi formación de acuerdo con mis objetivos profesionales y académicos. | B8: ='FACTOR5-P'!$G$3 -> 1
A11: FACTOR 7 | B11: PONDERACIÓN
A12: ='FACTOR7-P'!A1:J1 -> Considero que la interacción con homólogos nacionales e internacionales me permitió mejorar mis competencias académicas y científicas, así como las oportunidades de desarrollo profesional. | B12: ='FACTOR7-P'!G3 -> 1
A15: FACTOR 11 | B15: PONDERACIÓN
A16: ='[1]FACTOR6-P'!A1:J1 -> Considero que las intervenciones y el apoyo proporcionados para alertarme de forma temprana, han sido útiles para mejorar mi rendimiento académico y facilitar mi progreso hacia la graduación. | B16: ='[1]FACTOR6-P'!G3 -> 1
A18: FACTOR 7 | B18: PONDERACIÓN
A19: ='[1]FACTOR7-P '!A1:J1 -> Considero que la interacción con homólogos nacionales e internacionales ha mejorado mis competencias académicas y científicas, así como las oportunidades de desarrollo profesional. | B19: ='[1]FACTOR7-P '!G3 -> 1
A22: FACTOR 8 | B22: PONDERACIÓN
A23: ='[1]FACTOR8-P'!A1:J1 -> Considero que la Maestría en Ciencias de la Información y las Comunicaciones me proporciona una formación adecuada para la investigación, fomentando el desarrollo de un pensamiento crítico, creativo e innovador | B23: ='[1]FACTOR8-P'!G3 -> 1
