Workbook

Sheet Resumen
A1: Cruce: Docentes del Doctorado × Profesores MCIC × Convenios URELINTER
A2: Generado 2026-09-23 a partir de Docentes_Doctorado.xlsx (Hoja1) y de las fuentes en Data/Bronze listadas abajo.
A4: Docentes
A5: Docentes distintos en Docentes_Doctorado.xlsx | B5: =COUNTA(Docentes!A2:A21)
A6: …que son profesores de la MCIC | B6: =COUNTIF(Docentes!E2:E21,"Sí")
A7: …que NO aparecen en la MCIC | B7: =COUNTIF(Docentes!E2:E21,"No")
A8: % de docentes del doctorado que son profesores MCIC | B8: =IFERROR(B6/B5,0)
A9: …de ellos, docentes de planta MCIC | B9: =COUNTIF(Docentes!I2:I21,"Sí*")
A10: …con coincidencia de confianza media (revisar) | B10: =COUNTIF(Docentes!F2:F21,"Media*")
A11: Proyectos
A12: Proyectos / contratos en Docentes_Doctorado.xlsx | B12: =COUNTA('Proyectos x URELINTER'!A2:A15)
A13: …con al menos un profesor MCIC | B13: =COUNTIF('Proyectos x URELINTER'!G2:G15,">0")
A14: …con entidad que tiene convenio en URELINTER | B14: =COUNTIF('Proyectos x URELINTER'!H2:H15,"Con convenio")
A15: …con convenio relacionado (mismo sector / entidad matriz) | B15: =COUNTIF('Proyectos x URELINTER'!H2:H15,"Relacionado (sector)")
A16: …sin convenio en URELINTER | B16: =COUNTIF('Proyectos x URELINTER'!H2:H15,"Sin convenio")
A17: …internos UD (no requieren convenio) | B17: =COUNTIF('Proyectos x URELINTER'!H2:H15,"No aplica")
A18: Participaciones docente–proyecto | B18: =COUNTA(Detalle!A2:A31)
A19: …de profesores MCIC | B19: =COUNTIF(Detalle!G2:G31,"Sí")
A21: Hallazgos
A22: • Ninguna de las entidades contratantes de los proyectos doctorales (UPME, RAPE, ATENEA, AGN, Secretaría Distrital de Hacienda, MEN, Gobernaciones de Sucre y La Guajira, Cundinamarca) tiene un convenio a su nombre en el listado vigente de URELINTER.
A23: • Lo único cercano es el Convenio Marco C-2023-39 con el Ministerio de Minas y Energía (vigente hasta 2026-11-26), del cual depende la UPME (proyecto P01).
A24: • Esto es esperable: los proyectos del doctorado son contratos y convenios interadministrativos de extensión (muchos ya terminados), mientras que URELINTER solo lista convenios de cooperación vigentes. La falta de coincidencia no quiere decir que los proyectos no tuvieran un respaldo contractual.
A25: • Javier Arturo Orjuela Castro y Feizar Arturo Rueda no aparecen en ninguna base de la MCIC. Se buscaron en todos los .xlsx de Data/Bronze.
A27: Fuentes y método
A28: • Docentes del doctorado: Docentes_Doctorado.xlsx (Hoja1). Se separó la columna "Participación de la Comunidad Doctoral" por saltos de línea. Se unificaron dos variantes de escritura: EDUYIN→EDUYN y LINSAY→LINDSAY.
A29: • Profesores MCIC (directores/revisores/jurados): Data/Bronze/PII_Interno/Docentes_Estudiantes_Egresados_Activos- Docentes.xlsx (hojas Consolidado y Fuentes, Vínculo = Profesor; 214 profesores de las bases MCIC Profundización, Investigación y Grande).
A30: • Docentes de planta MCIC: Data/Bronze/MCIC.INVESTIGACION/Procesos de Renocavion y acreditación/Plan de Mejoramiento/FACTOR 3. PROFESORES/a. Informes de participación de los docentes/Participcion docente.xlsx (hoja info 1).
A31: • Grupos de investigación MCIC: Data/Bronze/Maestria CIC/Directorio Grupos de Inv MCIC.xlsx (líder e integrantes de cada hoja).
A32: • Convenios: Data/Bronze/Convenios/Convenios vigentes URELINTER.xlsx (hoja Convenios URELINTER, 388 convenios vigentes publicados por URELINTER).
A33: • Cruce de nombres: se quitaron tildes y conectores (de, del, la…). Hay coincidencia cuando TODAS las palabras del nombre más corto están en el más largo (mínimo 2), aceptando pequeñas diferencias de escritura (similitud ≥ 85 %). Confianza "Alta" = 3 o más palabras coinciden. "Media" = solo 2 (nombre abreviado en la base MCIC); esas conviene confirmarlas.
A34: • Cruce de entidades: cada entidad contratante se buscó por palabras clave en la institución, el objeto y el código de los 388 convenios, y cada resultado se revisó a mano (ver columna "Observación del cruce").

Sheet Docentes
A1: Docente (Docentes_Doctorado) | B1: Como aparece en la fuente | C1: N° proyectos | D1: Proyectos (ID) | E1: ¿Profesor MCIC? | F1: Confianza del cruce | G1: Nombre en base MCIC (director/revisor/jurado) | H1: Base MCIC donde aparece | I1: Docente de planta MCIC (escalafón) | J1: Grupo(s) de investigación MCIC | K1: Otro vínculo con la MCIC | L1: Proyectos con convenio URELINTER (exacto o relacionado) | M1: Observación
A2: ADRIANA MARCELA VEGA ESCOBAR | B2: ADRIANA MARCELA VEGA ESCOBAR | C2: =COUNTIF(Detalle!$A$2:$A$31,A2) | D2: P01, P04 | E2: Sí | F2: Alta | G2: Adriana Vega | H2: MCIC - Base de datos PROFUNDIZACIÓN | I2: No | J2: GCEM - Grupo de Compatibilidad e Interferencia Electromagnética (Integrante); GESETIC - Grupo de Investigación en Gestión de Sistemas Energéticos con Base en Tecnologías de Información y Comunicación (Integrante) | L2: =COUNTIFS(Detalle!$A$2:$A$31,A2,Detalle!$H$2:$H$31,"Relacionado (sector)")+COUNTIFS(Detalle!$A$2:$A$31,A2,Detalle!$H$2:$H$31,"Con convenio")
A3: CARLOS MONTENEGRO MARIN | B3: CARLOS MONTENEGRO MARÍN | C3: =COUNTIF(Detalle!$A$2:$A$31,A3) | D3: P09 | E3: Sí | F3: Alta | G3: Carlos Enrique Montenegro Marin | H3: MCIC - Base de datos PROFUNDIZACIÓN | I3: No | J3: GIIRA - Grupo de Investigación en Interconexión de Redes Académicas (Líder) | K3: Egresado: MONTENEGRO MARIN CARLOS E. | L3: =COUNTIFS(Detalle!$A$2:$A$31,A3,Detalle!$H$2:$H$31,"Relacionado (sector)")+COUNTIFS(Detalle!$A$2:$A$31,A3,Detalle!$H$2:$H$31,"Con convenio") | M3: También registrado en la MCIC como Egresado: MONTENEGRO MARIN CARLOS E..
A4: CESAR ANDREY PERDOMO CHARRY | B4: CESAR ANDREY PERDOMO CHARRY | C4: =COUNTIF(Detalle!$A$2:$A$31,A4) | D4: P03 | E4: Sí | F4: Alta | G4: Cesar Andrey Perdomo Charry | H4: MCIC - Base de datos PROFUNDIZACIÓN | I4: Sí – PROFESOR TITULAR COMPLETO | J4: LASER - Laboratorio de Automatización, Sistemas Embebidos y Robótica (Integrante) | L4: =COUNTIFS(Detalle!$A$2:$A$31,A4,Detalle!$H$2:$H$31,"Relacionado (sector)")+COUNTIFS(Detalle!$A$2:$A$31,A4,Detalle!$H$2:$H$31,"Con convenio")
A5: CESAR LEONARDO TRUJILLO RODRIGUEZ | B5: CESAR LEONARDO TRUJILLO RODRIGUEZ | C5: =COUNTIF(Detalle!$A$2:$A$31,A5) | D5: P01 | E5: Sí | F5: Alta | G5: Cesar Trujillo | H5: MCIC - Base de datos PROFUNDIZACIÓN | I5: No | J5: LIFAE - Laboratorio de Investigación en Fuentes Alternativas de Energía (Integrante) | L5: =COUNTIFS(Detalle!$A$2:$A$31,A5,Detalle!$H$2:$H$31,"Relacionado (sector)")+COUNTIFS(Detalle!$A$2:$A$31,A5,Detalle!$H$2:$H$31,"Con convenio")
A6: DARIN JAIRO MOSQUERA | B6: DARIN JAIRO MOSQUERA | C6: =COUNTIF(Detalle!$A$2:$A$31,A6) | D6: P10 | E6: Sí | F6: Alta | G6: Darin Mosquera | H6: MCIC - Base de datos PROFUNDIZACIÓN | I6: No | K6: Egresado: DARIN JAIRO MOSQUERA PALACIOS | L6: =COUNTIFS(Detalle!$A$2:$A$31,A6,Detalle!$H$2:$H$31,"Relacionado (sector)")+COUNTIFS(Detalle!$A$2:$A$31,A6,Detalle!$H$2:$H$31,"Con convenio") | M6: También registrado en la MCIC como Egresado: DARIN JAIRO MOSQUERA PALACIOS.
A7: EDUYN RAMIRO LOPEZ SANTANA | B7: EDUYIN RAMIRO LOPEZ SANTANA / EDUYN RAMIRO LOPEZ SANTANA | C7: =COUNTIF(Detalle!$A$2:$A$31,A7) | D7: P02, P03, P14 | E7: Sí | F7: Alta | G7: Eduyn Ramiro López Santana. | H7: MCIC - Base de datos GRANDE | I7: No | L7: =COUNTIFS(Detalle!$A$2:$A$31,A7,Detalle!$H$2:$H$31,"Relacionado (sector)")+COUNTIFS(Detalle!$A$2:$A$31,A7,Detalle!$H$2:$H$31,"Con convenio") | M7: Aparece escrito de varias formas en la fuente: EDUYIN RAMIRO LOPEZ SANTANA / EDUYN RAMIRO LOPEZ SANTANA
A8: EDWIN RIVAS TRUJILLO | B8: EDWIN RIVAS TRUJILLO | C8: =COUNTIF(Detalle!$A$2:$A$31,A8) | D8: P04 | E8: Sí | F8: Alta | G8: Edwin Rivas Trujillo | H8: MCIC - Base de datos PROFUNDIZACIÓN | I8: No | J8: GCEM - Grupo de Compatibilidad e Interferencia Electromagnética (Líder) | L8: =COUNTIFS(Detalle!$A$2:$A$31,A8,Detalle!$H$2:$H$31,"Relacionado (sector)")+COUNTIFS(Detalle!$A$2:$A$31,A8,Detalle!$H$2:$H$31,"Con convenio")
A9: ERNESTO GOMEZ VARGAS | B9: ERNESTO GOMEZ VARGAS | C9: =COUNTIF(Detalle!$A$2:$A$31,A9) | D9: P01 | E9: Sí | F9: Alta | G9: Ernesto Gomez Vargas | H9: MCIC - Base de datos PROFUNDIZACIÓN | I9: Sí – PROFESOR TITULAR COMPLETO | J9: LASER - Laboratorio de Automatización, Sistemas Embebidos y Robótica (Líder) | L9: =COUNTIFS(Detalle!$A$2:$A$31,A9,Detalle!$H$2:$H$31,"Relacionado (sector)")+COUNTIFS(Detalle!$A$2:$A$31,A9,Detalle!$H$2:$H$31,"Con convenio")
A10: FEIZAR ARTURO RUEDA | B10: FEIZAR ARTURO RUEDA | C10: =COUNTIF(Detalle!$A$2:$A$31,A10) | D10: P13 | E10: No | I10: No | L10: =COUNTIFS(Detalle!$A$2:$A$31,A10,Detalle!$H$2:$H$31,"Relacionado (sector)")+COUNTIFS(Detalle!$A$2:$A$31,A10,Detalle!$H$2:$H$31,"Con convenio") | M10: No aparece como director, revisor, jurado, docente de planta ni integrante de grupo de la MCIC.
A11: FRANCISCO SANTAMARIA PIEDRAHITA | B11: FRANCISCO SANTAMARIA PIEDRAHITA | C11: =COUNTIF(Detalle!$A$2:$A$31,A11) | D11: P01 | E11: Sí | F11: Alta | G11: Francisco Santamaria Piedrahita | H11: MCIC - Base de datos PROFUNDIZACIÓN | I11: No | J11: GCEM - Grupo de Compatibilidad e Interferencia Electromagnética (Integrante) | L11: =COUNTIFS(Detalle!$A$2:$A$31,A11,Detalle!$H$2:$H$31,"Relacionado (sector)")+COUNTIFS(Detalle!$A$2:$A$31,A11,Detalle!$H$2:$H$31,"Con convenio")
A12: GERMAN ANDRES MENDEZ | B12: GERMAN ANDRES MENDEZ | C12: =COUNTIF(Detalle!$A$2:$A$31,A12) | D12: P02, P14 | E12: Sí | F12: Alta | G12: German Andres Mendez Giraldo | H12: MCIC - Base de datos PROFUNDIZACIÓN | I12: No | L12: =COUNTIFS(Detalle!$A$2:$A$31,A12,Detalle!$H$2:$H$31,"Relacionado (sector)")+COUNTIFS(Detalle!$A$2:$A$31,A12,Detalle!$H$2:$H$31,"Con convenio")
A13: JAVIER ARTURO ORJUELA CASTRO | B13: JAVIER ARTURO ORJUELA CASTRO | C13: =COUNTIF(Detalle!$A$2:$A$31,A13) | D13: P05, P07, P13, P14 | E13: No | I13: No | L13: =COUNTIFS(Detalle!$A$2:$A$31,A13,Detalle!$H$2:$H$31,"Relacionado (sector)")+COUNTIFS(Detalle!$A$2:$A$31,A13,Detalle!$H$2:$H$31,"Con convenio") | M13: No aparece como director, revisor, jurado, docente de planta ni integrante de grupo de la MCIC.
A14: JOHAN ALEXANDER HERNANDEZ MORA | B14: JOHAN ALEXANDER HERNANDEZ MORA | C14: =COUNTIF(Detalle!$A$2:$A$31,A14) | D14: P01 | E14: Sí | F14: Media (nombre abreviado en la base MCIC) | G14: Johan Hernandez | H14: MCIC - Base de datos PROFUNDIZACIÓN | I14: No | L14: =COUNTIFS(Detalle!$A$2:$A$31,A14,Detalle!$H$2:$H$31,"Relacionado (sector)")+COUNTIFS(Detalle!$A$2:$A$31,A14,Detalle!$H$2:$H$31,"Con convenio") | M14: Solo coincide con "Johan Hernandez"; confirmar identidad.
A15: JOSE IGNACIO RODRIGUEZ MOLANO | B15: JOSE IGNACIO RODRIGUEZ MOLANO | C15: =COUNTIF(Detalle!$A$2:$A$31,A15) | D15: P02 | E15: Sí | F15: Alta | G15: Jose Ignacio Rodriguez Molano | H15: MCIC - Base de datos PROFUNDIZACIÓN | I15: No | J15: GICOECOL - Comercio Electronico en Colombia (Líder) | L15: =COUNTIFS(Detalle!$A$2:$A$31,A15,Detalle!$H$2:$H$31,"Relacionado (sector)")+COUNTIFS(Detalle!$A$2:$A$31,A15,Detalle!$H$2:$H$31,"Con convenio")
A16: JUAN CARLOS FIGUEROA GARCIA | B16: JUAN CARLOS FIGUEROA GARCIA | C16: =COUNTIF(Detalle!$A$2:$A$31,A16) | D16: P14 | E16: Sí | F16: Alta | G16: Juan Carlos Figueroa Garcia | H16: MCIC - Base de datos PROFUNDIZACIÓN | I16: Sí – PROFESOR ASOCIADO COMPLETO | J16: LAMIC - Laboratorio de Automática e Inteligencia Computacional (Integrante) | L16: =COUNTIFS(Detalle!$A$2:$A$31,A16,Detalle!$H$2:$H$31,"Relacionado (sector)")+COUNTIFS(Detalle!$A$2:$A$31,A16,Detalle!$H$2:$H$31,"Con convenio")
A17: LEONARDO EMIRO CONTRERAS BRAVO | B17: LEONARDO EMIRO CONTRERAS BRAVO | C17: =COUNTIF(Detalle!$A$2:$A$31,A17) | D17: P11, P12 | E17: Sí | F17: Alta | G17: Leonardo Emirio Contreras Braavo | H17: MCIC - Base de datos INVESTIGACION | I17: No | L17: =COUNTIFS(Detalle!$A$2:$A$31,A17,Detalle!$H$2:$H$31,"Relacionado (sector)")+COUNTIFS(Detalle!$A$2:$A$31,A17,Detalle!$H$2:$H$31,"Con convenio")
A18: LINDSAY ALVAREZ POMAR | B18: LINDSAY ALVAREZ POMAR / LINSAY ALVAREZ POMAR | C18: =COUNTIF(Detalle!$A$2:$A$31,A18) | D18: P01, P04 | E18: Sí | F18: Alta | G18: Lindsay Alvarez Pomar | H18: MCIC - Base de datos PROFUNDIZACIÓN | I18: No | L18: =COUNTIFS(Detalle!$A$2:$A$31,A18,Detalle!$H$2:$H$31,"Relacionado (sector)")+COUNTIFS(Detalle!$A$2:$A$31,A18,Detalle!$H$2:$H$31,"Con convenio") | M18: Aparece escrito de varias formas en la fuente: LINDSAY ALVAREZ POMAR / LINSAY ALVAREZ POMAR
A19: OCTAVIO JOSE SALCEDO PARRA | B19: OCTAVIO JOSE SALCEDO PARRA | C19: =COUNTIF(Detalle!$A$2:$A$31,A19) | D19: P06, P08 | E19: Sí | F19: Alta | G19: Octavio Jose Salcedo Parra | H19: MCIC - Base de datos PROFUNDIZACIÓN | I19: Sí – PROFESOR TITULAR COMPLETO | J19: Internet Inteligente (Líder) | L19: =COUNTIFS(Detalle!$A$2:$A$31,A19,Detalle!$H$2:$H$31,"Relacionado (sector)")+COUNTIFS(Detalle!$A$2:$A$31,A19,Detalle!$H$2:$H$31,"Con convenio")
A20: ROBERTO FERRO ESCOBAR | B20: ROBERTO FERRO ESCOBAR | C20: =COUNTIF(Detalle!$A$2:$A$31,A20) | D20: P14 | E20: Sí | F20: Alta | G20: Roberto Ferro Escobar | H20: MCIC - Base de datos PROFUNDIZACIÓN | I20: No | J20: GITEM++ - Grupo de Investigación de Telemedicina (Integrante); LIDER - Laboratorio de Investigación y Desarrollo en Electrónica y Redes (Líder) | L20: =COUNTIFS(Detalle!$A$2:$A$31,A20,Detalle!$H$2:$H$31,"Relacionado (sector)")+COUNTIFS(Detalle!$A$2:$A$31,A20,Detalle!$H$2:$H$31,"Con convenio")
A21: VICTOR HUGO MEDINA GARCIA | B21: VICTOR HUGO MEDINA GARCIA | C21: =COUNTIF(Detalle!$A$2:$A$31,A21) | D21: P14 | E21: Sí | F21: Alta | G21: Victor Hugo Medina Garcia | H21: MCIC - Base de datos PROFUNDIZACIÓN | I21: No | J21: GICOGE - Grupo Informática Comunicaciones y Gestión del conocimiento (Integrante) | L21: =COUNTIFS(Detalle!$A$2:$A$31,A21,Detalle!$H$2:$H$31,"Relacionado (sector)")+COUNTIFS(Detalle!$A$2:$A$31,A21,Detalle!$H$2:$H$31,"Con convenio")

Sheet Proyectos x URELINTER
A1: ID | B1: Año | C1: Código | D1: Proyecto / contrato | E1: Entidad contratante | F1: N° docentes doctorado | G1: N° docentes que son profesores MCIC | H1: Convenio en URELINTER con la entidad | I1: Código URELINTER | J1: Institución en URELINTER | K1: Vigente hasta | L1: Observación del cruce | M1: Objeto del proyecto
A2: P01 | B2: 2019 | C2: UPME CV 002 | D2: CONVENIO INTERADMINISTRATIVO DE ASOCIACION NO. UPME-CV-002 SUSCRITO ENTRE LA UNIDAD DE PLANEACION MINERO ENERGETICA-UPME; EL INSTITUTO DE PLANIFICACION Y PROMOCION DE SOLUCIONES ENERGETICAS PARA LAS ZONAS NO INTERCONECTADAS-IPSE Y LA UNIVERSIDAD DISTRITAL FRANCISCO JOSE DE CALDAS | E2: UNIDAD DE PLANEACION MINERO ENERGETICA-UPME | F2: =COUNTIF(Detalle!$B$2:$B$31,A2) | G2: =COUNTIFS(Detalle!$B$2:$B$31,A2,Detalle!$G$2:$G$31,"Sí") | H2: Relacionado (sector) | I2: C-2023-39 | J2: Ministerio de Minas y Energía | K2: =IF(I2="","",IFERROR(INDEX('Convenios relacionados'!$F:$F,MATCH(I2,'Convenios relacionados'!$A:$A,0)),"")) | L2: La UPME es una unidad adscrita al Ministerio de Minas y Energía. URELINTER no registra convenio con la UPME ni con el IPSE, pero sí un Convenio Marco vigente con MinEnergía (C-2023-39) que cubre formación, investigación y extensión. | M2: Aunar esfuerzos técnicos administrativos y flnanpieros para elaboración del Plan de Energización Rural Sostenible — PERS, para el Departamento de Putumayo-Fase 2
A3: P02 | B3: 2019 | C3: FAC-ING-6637 | D3: PROGRAMA ACADEMICO DE GRADO ACUERDO 069-2019 II | E3: UNIVERSIDAD DISTRITAL FRANCISCO JOSÉ DE CALDAS | F3: =COUNTIF(Detalle!$B$2:$B$31,A3) | G3: =COUNTIFS(Detalle!$B$2:$B$31,A3,Detalle!$G$2:$G$31,"Sí") | H3: No aplica | K3: =IF(I3="","",IFERROR(INDEX('Convenios relacionados'!$F:$F,MATCH(I3,'Convenios relacionados'!$A:$A,0)),"")) | L3: Proyecto interno de la Universidad Distrital (Facultad de Ingeniería); no requiere convenio. | M3: Desarrollar un programa transitorio como opción de grado para los estudiantes de pregrado que terminaron asignaturas del plan de estudios y aún no han obtenido su titulación en un proyecto curricular de pregrado de la Facultad de Ingeniería.
A4: P03 | B4: 2019 | C4: FAC-ING-6532 | D4: PROGRAMA ACADÉMICO DE GRADO ACUERDO 069 2019-1-FACULTAD INGENIERÍA | E4: UNIVERSIDAD DISTRITAL FRANCISCO JOSÉ DE CALDAS | F4: =COUNTIF(Detalle!$B$2:$B$31,A4) | G4: =COUNTIFS(Detalle!$B$2:$B$31,A4,Detalle!$G$2:$G$31,"Sí") | H4: No aplica | K4: =IF(I4="","",IFERROR(INDEX('Convenios relacionados'!$F:$F,MATCH(I4,'Convenios relacionados'!$A:$A,0)),"")) | L4: Proyecto interno de la Universidad Distrital (Facultad de Ingeniería); no requiere convenio. | M4: Desarrollar un programa transitorio como opción de grado para los estudiantes de pregrado que terminaron asignaturas del plan de estudios y aún no han obtenido su titulación en un proyecto curricular de pregrado de la Facultad de Ingeniería.
A5: P04 | B5: 2019 | C5: SMEG-CDCTI-013 | D5: CONTRATO INTERADMINISTRATIVO N SMEG-CDCTI-013-2019 SUSCRITO ENTRE EL DEPARTAMENTO DE CUNDINAMARCA- SECRETARIA DE MINAS, ENERGIA Y GAS NIT N 899999114-0 Y LA UNIVERSIDAD DISTRITAL FRANCISCO JOSE DE CALDAS IDENTIFICADO CON N DE NIT N 899999230-7 | E5: DEPARTAMENTO DE CUNDINAMARCA - SECRETARÍA DE MINAS, ENERGÍA Y GAS | F5: =COUNTIF(Detalle!$B$2:$B$31,A5) | G5: =COUNTIFS(Detalle!$B$2:$B$31,A5,Detalle!$G$2:$G$31,"Sí") | H5: Sin convenio | K5: =IF(I5="","",IFERROR(INDEX('Convenios relacionados'!$F:$F,MATCH(I5,'Convenios relacionados'!$A:$A,0)),"")) | L5: No hay convenio con el Departamento de Cundinamarca / Secretaría de Minas, Energía y Gas. (C-2025-9 es con la Agencia Catastral de Cundinamarca, otra entidad.) | M5: Contratar servidos técnicos, administrativos, financieros y jurídicos para la actualización del Plan de Desarrollo Minero - Energético de Cundinamarca (2019-2036).
A6: P05 | B6: 2020 | C6: 92 | D6: CONVENIO ESPECIFICO DE COOPERACIÓN INTERINSTITUCIONAL NO. 092 DE 2020, SUSCRITO ENTRE LA REGIÓN ADMINISTRATIVA Y DE PLANEACIÓN ESPECIAL REGIÓN CENTRAL RAP-E Y LA UNIVERSIDAD DISTRITAL FRANCISCO JOSÉ DE CALDAS | E6: REGIÓN ADMINISTRATIVA Y DE PLANEACION ESPECIAL — RAPE | F6: =COUNTIF(Detalle!$B$2:$B$31,A6) | G6: =COUNTIFS(Detalle!$B$2:$B$31,A6,Detalle!$G$2:$G$31,"Sí") | H6: Sin convenio | K6: =IF(I6="","",IFERROR(INDEX('Convenios relacionados'!$F:$F,MATCH(I6,'Convenios relacionados'!$A:$A,0)),"")) | L6: No hay convenio con la RAPE Región Central. | M6: El objetivo general anterior era “Proponer una metodología para la gestión de la información asociada a las infraestructuras logísticas de la Región Central, diseñar la Red de Infraestructura Logística Regional (REDILE) y brindar asesoría técnica y científica para la conformación de una red de investigación en cadenas de suministro en la Región Central”.
A7: P06 | B7: 2021 | C7: 010-2021 | D7: INTERVENTORIA AL PROYECTO TRANSFERENCIA DE TECNOLOGIA Y CONOCIMIENTO PARA LA PRODUCCIÓN DE CARNE DE PESCADO Y ESPECIES VEGETALES QUE MITIGUEN LA INSEGURIDAD ALIMENTARIA DE PEQUEÑOS PRODUCTORES AGROPECUARIOS EN LAS TRES SUBREGIONES DEL DEPARTAMENTO DE LA GUAJIRA. | E7: GOBERNACIÓN DE LA GUAJIRA | F7: =COUNTIF(Detalle!$B$2:$B$31,A7) | G7: =COUNTIFS(Detalle!$B$2:$B$31,A7,Detalle!$G$2:$G$31,"Sí") | H7: Sin convenio | K7: =IF(I7="","",IFERROR(INDEX('Convenios relacionados'!$F:$F,MATCH(I7,'Convenios relacionados'!$A:$A,0)),"")) | L7: No hay convenio con la Gobernación de La Guajira. (C-2012-35 y C-2014-3 son con la Universidad de La Guajira, otra entidad.) | M7: Contratar la interventoría al proceso constructivo del proyecto denominado "Implementación de un Centro de Innovación y Productividad con énfasis en energías renovables para el Departamento de La Guajira" código BPIN 2022000100057.
A8: P07 | B8: 2021 | C8: 71 | D8: DISEÑO E IMPLEMENTACIÓN DE UNA EVALUACIÓN EXTERNA Y ANÁLISIS DE VULNERABILIDADES DEL SISTEMA DE INFORMACIÓN DEL ABASTECIMIENTO ALIMENTARIO DE LA REGIÓN CENTRAL | E8: REGIÓN ADMINISTRATIVA Y DE PLANEACION ESPECIAL — RAPE | F8: =COUNTIF(Detalle!$B$2:$B$31,A8) | G8: =COUNTIFS(Detalle!$B$2:$B$31,A8,Detalle!$G$2:$G$31,"Sí") | H8: Sin convenio | K8: =IF(I8="","",IFERROR(INDEX('Convenios relacionados'!$F:$F,MATCH(I8,'Convenios relacionados'!$A:$A,0)),"")) | L8: No hay convenio con la RAPE Región Central. | M8: Evaluación externa y análisis de vulnerabilidades del sistema de información del abastecimiento alimentario de la region central y apoyo al diseño y desarrollo de una aplicación móvil (app) del sistema de información del abastecimiento alimentario de la Region Central.
A9: P08 | B9: 2022 | C9: CONV-RE-SDED-028-202 | D9: CONTRATO INTERADMINISTRATIVO NO. CONV-RE-SDED-028-2022, SUSCRITO ENTRE EL DEPARTAMENTO DE SUCRE Y LA UNIVERSIDAD DISTRITAL FRANCISCO JOSE DE CALDAS | E9: GOBERNACIÓN DE SUCRE | F9: =COUNTIF(Detalle!$B$2:$B$31,A9) | G9: =COUNTIFS(Detalle!$B$2:$B$31,A9,Detalle!$G$2:$G$31,"Sí") | H9: Sin convenio | K9: =IF(I9="","",IFERROR(INDEX('Convenios relacionados'!$F:$F,MATCH(I9,'Convenios relacionados'!$A:$A,0)),"")) | L9: No hay convenio con la Gobernación de Sucre. (C-2021-63 es con la Universidad de Sucre, otra entidad.) | M9: Interventoría técnica, administrativa, financiera y jurídica de los siguientes convenios especiales de cooperación: CONV-RE-SDED-004-2022 (Fortalecimiento establecimientos educativos jornada única), CONV-RE-SDED-005-2022 (Incremento innovación y desarrollo tecnológico tejido empresarial) y CONV-RE-SDED-006-2022 (Fortalecimiento capacidades en CTeI para desarrollo productivo e industrias creativas).
A10: P09 | B10: 2022 | D10: CLAUSULADO GENERAL CONVENIO UNIVERSIDAD DISTRITAL FRANCISCO JOSE DE CALDAS ATENEA-290-2022 | E10: AGENCIA DISTRITAL PARA LA EDUCACIÓN SUPERIOR, LA CIENCIA Y LA TECNOLOGÍA - ATENEA | F10: =COUNTIF(Detalle!$B$2:$B$31,A10) | G10: =COUNTIFS(Detalle!$B$2:$B$31,A10,Detalle!$G$2:$G$31,"Sí") | H10: Sin convenio | K10: =IF(I10="","",IFERROR(INDEX('Convenios relacionados'!$F:$F,MATCH(I10,'Convenios relacionados'!$A:$A,0)),"")) | L10: No hay convenio con la Agencia ATENEA. | M10: Aunar esfuerzos técnicos, administrativos, financieros, académicos y operativos entre la Agencia Distrital para la Educación Superior, la Ciencia y la Tecnología – ATENEA y la Universidad Distrital Francisco José De Caldas, para la implementación de los componentes de Tecnologías de la Información y Habilidades Socioemocionales del programa de formación en competencias del siglo XXI en Bogotá D.C.
A11: P10 | B11: 2025 | D11: CONVENIO INTERADMINISTRATIVO NO. 362 DE 2025 SUSCRITO ENTRE EL ARCHIVO GENERAL DE LA NACIÓN Y LA UNIVERSIDAD DISTRITAL FRANCISCO JOSÉ DE CALDAS | E11: ARCHIVO GENERAL DE LA NACIÓN - AGN | F11: =COUNTIF(Detalle!$B$2:$B$31,A11) | G11: =COUNTIFS(Detalle!$B$2:$B$31,A11,Detalle!$G$2:$G$31,"Sí") | H11: Sin convenio | K11: =IF(I11="","",IFERROR(INDEX('Convenios relacionados'!$F:$F,MATCH(I11,'Convenios relacionados'!$A:$A,0)),"")) | L11: No hay convenio con el Archivo General de la Nación. | M11: nan
A12: P11 | B12: 2025 | C12: 250366 | D12: CONVENIO INTERADMINISTRATIVO 250366 SUSCRITO ENTRE LA SECRETARÍA DISTRITAL DE HACIENDA Y LA UNIVERSIDAD DISTRITAL FRANCISCO JOSÉ DE CALDAS | E12: SECRETARIA DISTRITAL DE HACIENDA | F12: =COUNTIF(Detalle!$B$2:$B$31,A12) | G12: =COUNTIFS(Detalle!$B$2:$B$31,A12,Detalle!$G$2:$G$31,"Sí") | H12: Sin convenio | K12: =IF(I12="","",IFERROR(INDEX('Convenios relacionados'!$F:$F,MATCH(I12,'Convenios relacionados'!$A:$A,0)),"")) | L12: No hay convenio con la Secretaría Distrital de Hacienda. | M12: Aunar esfuerzos para la asistencia técnica y apoyo a la gestión documental de la Secretaría Distrital de Hacienda.
A13: P12 | B13: 2025 | C13: CO1.PCCNTR.7685385 | D13: CONTRATO NÚMERO CO1.PCCNTR.7685385 DE 2025 SUSCRITO ENTRE EL MINISTERIO DE EDUCACIÓN NACIONAL Y LA UNIVERSIDAD DISTRITAL FRANCISCO JOSE DE CALDAS | E13: MINISTERIO DE EDUCACION NACIONAL - MEN | F13: =COUNTIF(Detalle!$B$2:$B$31,A13) | G13: =COUNTIFS(Detalle!$B$2:$B$31,A13,Detalle!$G$2:$G$31,"Sí") | H13: Sin convenio | K13: =IF(I13="","",IFERROR(INDEX('Convenios relacionados'!$F:$F,MATCH(I13,'Convenios relacionados'!$A:$A,0)),"")) | L13: No hay convenio con el Ministerio de Educación Nacional. (C-2023-19 solo menciona al MEN como ente que otorga el registro calificado; es con la Fundación UNIR.) | M13: Prestación de servicios para apoyar la supervisión técnica, administrativa, financiera y jurídica de los contratos que se ejecuten para la operación global de los servicios TIC del Ministerio de Educación Nacional y fábrica de software.
A14: P13 | B14: 2025 | C14: CD-CI-67-2025 | D14: CONDICIONES GENERALES CONVENIO INTERADMINISTRATIVO NO. CD-CI-67-2025 SUSCRITO ENTRE UNIVERSIDAD DISTRITAL FRANCISCO JOSÉ DE CALDAS Y EL INSTITUO IDEXUD IDENTIFICADO CON NIT NO 899999230-7 REPRESENTADO POR CESAR ANDREY PERDOMO CHARRY, DIRECTOR DE LA OFICINA DE EXTENSIÓN IDEXUD Y LA REGIÓN ADMINISTRATIVA Y DE PLANEACIÓN ESPECIAL RAP-E REGIÓN CENTRAL. | E14: REGIÓN ADMINISTRATIVA Y DE PLANEACION ESPECIAL — RAPE | F14: =COUNTIF(Detalle!$B$2:$B$31,A14) | G14: =COUNTIFS(Detalle!$B$2:$B$31,A14,Detalle!$G$2:$G$31,"Sí") | H14: Sin convenio | K14: =IF(I14="","",IFERROR(INDEX('Convenios relacionados'!$F:$F,MATCH(I14,'Convenios relacionados'!$A:$A,0)),"")) | L14: No hay convenio con la RAPE Región Central. | M14: Aunar esfuerzos físicos, técnicos, administrativos y financieros para fortalecer las capacidades logísticas del territorio y la proyección, promoción y transferencia de conocimiento de cuatro (4) Corredores Logísticos Regionales - CLR en los departamentos asociados a la RAP-E Región Central.
A15: P14 | B15: 2019-2025 | C15: Workshop on Engineering Applications | D15: DOCENTES QUE HAN PARTICIPADO EN CALIDAD DE AUTORES PONENTES SUPERVISORES U ORGANIZADORES | E15: UNIVERSIDAD DISTRITAL FRANCISCO JOSÉ DE CALDAS | F15: =COUNTIF(Detalle!$B$2:$B$31,A15) | G15: =COUNTIFS(Detalle!$B$2:$B$31,A15,Detalle!$G$2:$G$31,"Sí") | H15: No aplica | K15: =IF(I15="","",IFERROR(INDEX('Convenios relacionados'!$F:$F,MATCH(I15,'Convenios relacionados'!$A:$A,0)),"")) | L15: Evento académico organizado por la Universidad Distrital (WEA); no requiere convenio. | M15: Realizar el Congreso Internacional "Workshop on Engineering Applications (WEA 2022) Artificial intelligence, Optimization and Simulation" organizado por la Facultad de Ingeniería de la Universidad Distrital, como un espacio de divulgación de resultados de investigación tanto de estudiantes como de Profesores.

Sheet Detalle
A1: Docente | B1: ID proyecto | C1: Año | D1: Código | E1: Proyecto / contrato | F1: Entidad contratante | G1: ¿Profesor MCIC? | H1: Convenio URELINTER
A2: ADRIANA MARCELA VEGA ESCOBAR | B2: P01 | C2: 2019 | D2: UPME CV 002 | E2: CONVENIO INTERADMINISTRATIVO DE ASOCIACION NO. UPME-CV-002 SUSCRITO ENTRE LA UNIDAD DE PLANEACION MINERO ENERGETICA-UPME; EL INSTITUTO DE PLANIFICACION Y PROMOCION DE SOLUCIONES ENERGETICAS PARA LAS ZONAS NO INTERCONECTADAS-IPSE Y LA UNIVERSIDAD DISTRITAL FRANCISCO JOSE DE CALDAS | F2: UNIDAD DE PLANEACION MINERO ENERGETICA-UPME | G2: =INDEX(Docentes!$E$2:$E$21,MATCH(A2,Docentes!$A$2:$A$21,0)) | H2: =INDEX('Proyectos x URELINTER'!$H$2:$H$15,MATCH(B2,'Proyectos x URELINTER'!$A$2:$A$15,0))
A3: CESAR LEONARDO TRUJILLO RODRIGUEZ | B3: P01 | C3: 2019 | D3: UPME CV 002 | E3: CONVENIO INTERADMINISTRATIVO DE ASOCIACION NO. UPME-CV-002 SUSCRITO ENTRE LA UNIDAD DE PLANEACION MINERO ENERGETICA-UPME; EL INSTITUTO DE PLANIFICACION Y PROMOCION DE SOLUCIONES ENERGETICAS PARA LAS ZONAS NO INTERCONECTADAS-IPSE Y LA UNIVERSIDAD DISTRITAL FRANCISCO JOSE DE CALDAS | F3: UNIDAD DE PLANEACION MINERO ENERGETICA-UPME | G3: =INDEX(Docentes!$E$2:$E$21,MATCH(A3,Docentes!$A$2:$A$21,0)) | H3: =INDEX('Proyectos x URELINTER'!$H$2:$H$15,MATCH(B3,'Proyectos x URELINTER'!$A$2:$A$15,0))
A4: ERNESTO GOMEZ VARGAS | B4: P01 | C4: 2019 | D4: UPME CV 002 | E4: CONVENIO INTERADMINISTRATIVO DE ASOCIACION NO. UPME-CV-002 SUSCRITO ENTRE LA UNIDAD DE PLANEACION MINERO ENERGETICA-UPME; EL INSTITUTO DE PLANIFICACION Y PROMOCION DE SOLUCIONES ENERGETICAS PARA LAS ZONAS NO INTERCONECTADAS-IPSE Y LA UNIVERSIDAD DISTRITAL FRANCISCO JOSE DE CALDAS | F4: UNIDAD DE PLANEACION MINERO ENERGETICA-UPME | G4: =INDEX(Docentes!$E$2:$E$21,MATCH(A4,Docentes!$A$2:$A$21,0)) | H4: =INDEX('Proyectos x URELINTER'!$H$2:$H$15,MATCH(B4,'Proyectos x URELINTER'!$A$2:$A$15,0))
A5: FRANCISCO SANTAMARIA PIEDRAHITA | B5: P01 | C5: 2019 | D5: UPME CV 002 | E5: CONVENIO INTERADMINISTRATIVO DE ASOCIACION NO. UPME-CV-002 SUSCRITO ENTRE LA UNIDAD DE PLANEACION MINERO ENERGETICA-UPME; EL INSTITUTO DE PLANIFICACION Y PROMOCION DE SOLUCIONES ENERGETICAS PARA LAS ZONAS NO INTERCONECTADAS-IPSE Y LA UNIVERSIDAD DISTRITAL FRANCISCO JOSE DE CALDAS | F5: UNIDAD DE PLANEACION MINERO ENERGETICA-UPME | G5: =INDEX(Docentes!$E$2:$E$21,MATCH(A5,Docentes!$A$2:$A$21,0)) | H5: =INDEX('Proyectos x URELINTER'!$H$2:$H$15,MATCH(B5,'Proyectos x URELINTER'!$A$2:$A$15,0))
A6: JOHAN ALEXANDER HERNANDEZ MORA | B6: P01 | C6: 2019 | D6: UPME CV 002 | E6: CONVENIO INTERADMINISTRATIVO DE ASOCIACION NO. UPME-CV-002 SUSCRITO ENTRE LA UNIDAD DE PLANEACION MINERO ENERGETICA-UPME; EL INSTITUTO DE PLANIFICACION Y PROMOCION DE SOLUCIONES ENERGETICAS PARA LAS ZONAS NO INTERCONECTADAS-IPSE Y LA UNIVERSIDAD DISTRITAL FRANCISCO JOSE DE CALDAS | F6: UNIDAD DE PLANEACION MINERO ENERGETICA-UPME | G6: =INDEX(Docentes!$E$2:$E$21,MATCH(A6,Docentes!$A$2:$A$21,0)) | H6: =INDEX('Proyectos x URELINTER'!$H$2:$H$15,MATCH(B6,'Proyectos x URELINTER'!$A$2:$A$15,0))
A7: LINDSAY ALVAREZ POMAR | B7: P01 | C7: 2019 | D7: UPME CV 002 | E7: CONVENIO INTERADMINISTRATIVO DE ASOCIACION NO. UPME-CV-002 SUSCRITO ENTRE LA UNIDAD DE PLANEACION MINERO ENERGETICA-UPME; EL INSTITUTO DE PLANIFICACION Y PROMOCION DE SOLUCIONES ENERGETICAS PARA LAS ZONAS NO INTERCONECTADAS-IPSE Y LA UNIVERSIDAD DISTRITAL FRANCISCO JOSE DE CALDAS | F7: UNIDAD DE PLANEACION MINERO ENERGETICA-UPME | G7: =INDEX(Docentes!$E$2:$E$21,MATCH(A7,Docentes!$A$2:$A$21,0)) | H7: =INDEX('Proyectos x URELINTER'!$H$2:$H$15,MATCH(B7,'Proyectos x URELINTER'!$A$2:$A$15,0))
A8: JOSE IGNACIO RODRIGUEZ MOLANO | B8: P02 | C8: 2019 | D8: FAC-ING-6637 | E8: PROGRAMA ACADEMICO DE GRADO ACUERDO 069-2019 II | F8: UNIVERSIDAD DISTRITAL FRANCISCO JOSÉ DE CALDAS | G8: =INDEX(Docentes!$E$2:$E$21,MATCH(A8,Docentes!$A$2:$A$21,0)) | H8: =INDEX('Proyectos x URELINTER'!$H$2:$H$15,MATCH(B8,'Proyectos x URELINTER'!$A$2:$A$15,0))
A9: EDUYN RAMIRO LOPEZ SANTANA | B9: P02 | C9: 2019 | D9: FAC-ING-6637 | E9: PROGRAMA ACADEMICO DE GRADO ACUERDO 069-2019 II | F9: UNIVERSIDAD DISTRITAL FRANCISCO JOSÉ DE CALDAS | G9: =INDEX(Docentes!$E$2:$E$21,MATCH(A9,Docentes!$A$2:$A$21,0)) | H9: =INDEX('Proyectos x URELINTER'!$H$2:$H$15,MATCH(B9,'Proyectos x URELINTER'!$A$2:$A$15,0))
A10: GERMAN ANDRES MENDEZ | B10: P02 | C10: 2019 | D10: FAC-ING-6637 | E10: PROGRAMA ACADEMICO DE GRADO ACUERDO 069-2019 II | F10: UNIVERSIDAD DISTRITAL FRANCISCO JOSÉ DE CALDAS | G10: =INDEX(Docentes!$E$2:$E$21,MATCH(A10,Docentes!$A$2:$A$21,0)) | H10: =INDEX('Proyectos x URELINTER'!$H$2:$H$15,MATCH(B10,'Proyectos x URELINTER'!$A$2:$A$15,0))
A11: CESAR ANDREY PERDOMO CHARRY | B11: P03 | C11: 2019 | D11: FAC-ING-6532 | E11: PROGRAMA ACADÉMICO DE GRADO ACUERDO 069 2019-1-FACULTAD INGENIERÍA | F11: UNIVERSIDAD DISTRITAL FRANCISCO JOSÉ DE CALDAS | G11: =INDEX(Docentes!$E$2:$E$21,MATCH(A11,Docentes!$A$2:$A$21,0)) | H11: =INDEX('Proyectos x URELINTER'!$H$2:$H$15,MATCH(B11,'Proyectos x URELINTER'!$A$2:$A$15,0))
A12: EDUYN RAMIRO LOPEZ SANTANA | B12: P03 | C12: 2019 | D12: FAC-ING-6532 | E12: PROGRAMA ACADÉMICO DE GRADO ACUERDO 069 2019-1-FACULTAD INGENIERÍA | F12: UNIVERSIDAD DISTRITAL FRANCISCO JOSÉ DE CALDAS | G12: =INDEX(Docentes!$E$2:$E$21,MATCH(A12,Docentes!$A$2:$A$21,0)) | H12: =INDEX('Proyectos x URELINTER'!$H$2:$H$15,MATCH(B12,'Proyectos x URELINTER'!$A$2:$A$15,0))
A13: ADRIANA MARCELA VEGA ESCOBAR | B13: P04 | C13: 2019 | D13: SMEG-CDCTI-013 | E13: CONTRATO INTERADMINISTRATIVO N SMEG-CDCTI-013-2019 SUSCRITO ENTRE EL DEPARTAMENTO DE CUNDINAMARCA- SECRETARIA DE MINAS, ENERGIA Y GAS NIT N 899999114-0 Y LA UNIVERSIDAD DISTRITAL FRANCISCO JOSE DE CALDAS IDENTIFICADO CON N DE NIT N 899999230-7 | F13: DEPARTAMENTO DE CUNDINAMARCA - SECRETARÍA DE MINAS, ENERGÍA Y GAS | G13: =INDEX(Docentes!$E$2:$E$21,MATCH(A13,Docentes!$A$2:$A$21,0)) | H13: =INDEX('Proyectos x URELINTER'!$H$2:$H$15,MATCH(B13,'Proyectos x URELINTER'!$A$2:$A$15,0))
... A19: OCTAVIO JOSE SALCEDO PARRA | B19: P08 | C19: 2022 | D19: CONV-RE-SDED-028-202 | E19: CONTRATO INTERADMINISTRATIVO NO. CONV-RE-SDED-028-2022, SUSCRITO ENTRE EL DEPARTAMENTO DE SUCRE Y LA UNIVERSIDAD DISTRITAL FRANCISCO JOSE DE CALDAS | F19: GOBERNACIÓN DE SUCRE | G19: =INDEX(Docentes!$E$2:$E$21,MATCH(A19,Docentes!$A$2:$A$21,0)) | H19: =INDEX('Proyectos x URELINTER'!$H$2:$H$15,MATCH(B19,'Proyectos x URELINTER'!$A$2:$A$15,0))
A20: CARLOS MONTENEGRO MARIN | B20: P09 | C20: 2022 | E20: CLAUSULADO GENERAL CONVENIO UNIVERSIDAD DISTRITAL FRANCISCO JOSE DE CALDAS ATENEA-290-2022 | F20: AGENCIA DISTRITAL PARA LA EDUCACIÓN SUPERIOR, LA CIENCIA Y LA TECNOLOGÍA - ATENEA | G20: =INDEX(Docentes!$E$2:$E$21,MATCH(A20,Docentes!$A$2:$A$21,0)) | H20: =INDEX('Proyectos x URELINTER'!$H$2:$H$15,MATCH(B20,'Proyectos x URELINTER'!$A$2:$A$15,0))
A21: DARIN JAIRO MOSQUERA | B21: P10 | C21: 2025 | E21: CONVENIO INTERADMINISTRATIVO NO. 362 DE 2025 SUSCRITO ENTRE EL ARCHIVO GENERAL DE LA NACIÓN Y LA UNIVERSIDAD DISTRITAL FRANCISCO JOSÉ DE CALDAS | F21: ARCHIVO GENERAL DE LA NACIÓN - AGN | G21: =INDEX(Docentes!$E$2:$E$21,MATCH(A21,Docentes!$A$2:$A$21,0)) | H21: =INDEX('Proyectos x URELINTER'!$H$2:$H$15,MATCH(B21,'Proyectos x URELINTER'!$A$2:$A$15,0))
A22: LEONARDO EMIRO CONTRERAS BRAVO | B22: P11 | C22: 2025 | D22: 250366 | E22: CONVENIO INTERADMINISTRATIVO 250366 SUSCRITO ENTRE LA SECRETARÍA DISTRITAL DE HACIENDA Y LA UNIVERSIDAD DISTRITAL FRANCISCO JOSÉ DE CALDAS | F22: SECRETARIA DISTRITAL DE HACIENDA | G22: =INDEX(Docentes!$E$2:$E$21,MATCH(A22,Docentes!$A$2:$A$21,0)) | H22: =INDEX('Proyectos x URELINTER'!$H$2:$H$15,MATCH(B22,'Proyectos x URELINTER'!$A$2:$A$15,0))
A23: LEONARDO EMIRO CONTRERAS BRAVO | B23: P12 | C23: 2025 | D23: CO1.PCCNTR.7685385 | E23: CONTRATO NÚMERO CO1.PCCNTR.7685385 DE 2025 SUSCRITO ENTRE EL MINISTERIO DE EDUCACIÓN NACIONAL Y LA UNIVERSIDAD DISTRITAL FRANCISCO JOSE DE CALDAS | F23: MINISTERIO DE EDUCACION NACIONAL - MEN | G23: =INDEX(Docentes!$E$2:$E$21,MATCH(A23,Docentes!$A$2:$A$21,0)) | H23: =INDEX('Proyectos x URELINTER'!$H$2:$H$15,MATCH(B23,'Proyectos x URELINTER'!$A$2:$A$15,0))
A24: JAVIER ARTURO ORJUELA CASTRO | B24: P13 | C24: 2025 | D24: CD-CI-67-2025 | E24: CONDICIONES GENERALES CONVENIO INTERADMINISTRATIVO NO. CD-CI-67-2025 SUSCRITO ENTRE UNIVERSIDAD DISTRITAL FRANCISCO JOSÉ DE CALDAS Y EL INSTITUO IDEXUD IDENTIFICADO CON NIT NO 899999230-7 REPRESENTADO POR CESAR ANDREY PERDOMO CHARRY, DIRECTOR DE LA OFICINA DE EXTENSIÓN IDEXUD Y LA REGIÓN ADMINISTRATIVA Y DE PLANEACIÓN ESPECIAL RAP-E REGIÓN CENTRAL. | F24: REGIÓN ADMINISTRATIVA Y DE PLANEACION ESPECIAL — RAPE | G24: =INDEX(Docentes!$E$2:$E$21,MATCH(A24,Docentes!$A$2:$A$21,0)) | H24: =INDEX('Proyectos x URELINTER'!$H$2:$H$15,MATCH(B24,'Proyectos x URELINTER'!$A$2:$A$15,0))
A25: FEIZAR ARTURO RUEDA | B25: P13 | C25: 2025 | D25: CD-CI-67-2025 | E25: CONDICIONES GENERALES CONVENIO INTERADMINISTRATIVO NO. CD-CI-67-2025 SUSCRITO ENTRE UNIVERSIDAD DISTRITAL FRANCISCO JOSÉ DE CALDAS Y EL INSTITUO IDEXUD IDENTIFICADO CON NIT NO 899999230-7 REPRESENTADO POR CESAR ANDREY PERDOMO CHARRY, DIRECTOR DE LA OFICINA DE EXTENSIÓN IDEXUD Y LA REGIÓN ADMINISTRATIVA Y DE PLANEACIÓN ESPECIAL RAP-E REGIÓN CENTRAL. | F25: REGIÓN ADMINISTRATIVA Y DE PLANEACION ESPECIAL — RAPE | G25: =INDEX(Docentes!$E$2:$E$21,MATCH(A25,Docentes!$A$2:$A$21,0)) | H25: =INDEX('Proyectos x URELINTER'!$H$2:$H$15,MATCH(B25,'Proyectos x URELINTER'!$A$2:$A$15,0))
A26: JUAN CARLOS FIGUEROA GARCIA | B26: P14 | C26: 2019-2025 | D26: Workshop on Engineering Applications | E26: DOCENTES QUE HAN PARTICIPADO EN CALIDAD DE AUTORES PONENTES SUPERVISORES U ORGANIZADORES | F26: UNIVERSIDAD DISTRITAL FRANCISCO JOSÉ DE CALDAS | G26: =INDEX(Docentes!$E$2:$E$21,MATCH(A26,Docentes!$A$2:$A$21,0)) | H26: =INDEX('Proyectos x URELINTER'!$H$2:$H$15,MATCH(B26,'Proyectos x URELINTER'!$A$2:$A$15,0))
A27: ROBERTO FERRO ESCOBAR | B27: P14 | C27: 2019-2025 | D27: Workshop on Engineering Applications | E27: DOCENTES QUE HAN PARTICIPADO EN CALIDAD DE AUTORES PONENTES SUPERVISORES U ORGANIZADORES | F27: UNIVERSIDAD DISTRITAL FRANCISCO JOSÉ DE CALDAS | G27: =INDEX(Docentes!$E$2:$E$21,MATCH(A27,Docentes!$A$2:$A$21,0)) | H27: =INDEX('Proyectos x URELINTER'!$H$2:$H$15,MATCH(B27,'Proyectos x URELINTER'!$A$2:$A$15,0))
A28: JAVIER ARTURO ORJUELA CASTRO | B28: P14 | C28: 2019-2025 | D28: Workshop on Engineering Applications | E28: DOCENTES QUE HAN PARTICIPADO EN CALIDAD DE AUTORES PONENTES SUPERVISORES U ORGANIZADORES | F28: UNIVERSIDAD DISTRITAL FRANCISCO JOSÉ DE CALDAS | G28: =INDEX(Docentes!$E$2:$E$21,MATCH(A28,Docentes!$A$2:$A$21,0)) | H28: =INDEX('Proyectos x URELINTER'!$H$2:$H$15,MATCH(B28,'Proyectos x URELINTER'!$A$2:$A$15,0))
A29: EDUYN RAMIRO LOPEZ SANTANA | B29: P14 | C29: 2019-2025 | D29: Workshop on Engineering Applications | E29: DOCENTES QUE HAN PARTICIPADO EN CALIDAD DE AUTORES PONENTES SUPERVISORES U ORGANIZADORES | F29: UNIVERSIDAD DISTRITAL FRANCISCO JOSÉ DE CALDAS | G29: =INDEX(Docentes!$E$2:$E$21,MATCH(A29,Docentes!$A$2:$A$21,0)) | H29: =INDEX('Proyectos x URELINTER'!$H$2:$H$15,MATCH(B29,'Proyectos x URELINTER'!$A$2:$A$15,0))
A30: VICTOR HUGO MEDINA GARCIA | B30: P14 | C30: 2019-2025 | D30: Workshop on Engineering Applications | E30: DOCENTES QUE HAN PARTICIPADO EN CALIDAD DE AUTORES PONENTES SUPERVISORES U ORGANIZADORES | F30: UNIVERSIDAD DISTRITAL FRANCISCO JOSÉ DE CALDAS | G30: =INDEX(Docentes!$E$2:$E$21,MATCH(A30,Docentes!$A$2:$A$21,0)) | H30: =INDEX('Proyectos x URELINTER'!$H$2:$H$15,MATCH(B30,'Proyectos x URELINTER'!$A$2:$A$15,0))
A31: GERMAN ANDRES MENDEZ | B31: P14 | C31: 2019-2025 | D31: Workshop on Engineering Applications | E31: DOCENTES QUE HAN PARTICIPADO EN CALIDAD DE AUTORES PONENTES SUPERVISORES U ORGANIZADORES | F31: UNIVERSIDAD DISTRITAL FRANCISCO JOSÉ DE CALDAS | G31: =INDEX(Docentes!$E$2:$E$21,MATCH(A31,Docentes!$A$2:$A$21,0)) | H31: =INDEX('Proyectos x URELINTER'!$H$2:$H$15,MATCH(B31,'Proyectos x URELINTER'!$A$2:$A$15,0))

Sheet Convenios relacionados
A1: Código | B1: Nivel | C1: País / Categoría | D1: Institución | E1: Fecha inicio | F1: Fecha fin | G1: Vigencia (años) | H1: Estado | I1: Tipo | J1: Denominación | K1: Objeto
A2: C-2023-39 | B2: Nacional | C2: Colombia Otros Organismos | D2: Ministerio de Minas y Energía | E2: 45260 | F2: 46352 | G2: 3 | H2: Vigente | I2: Convenio Marco | J2: Cooperación | K2: Aunar esfuerzos técnicos, administrativos y académicos entre la Universidad Distrital Francisco José de Caldas y el Ministerio de Minas y Energía para adelantar procesos de formación; investigación y extensión, así como el desarrollo de eventos académicos, científicos y tecnológicos que conduzcan al fortalecimiento de las capacidades a cargo de cada una de las partes para el cumplimiento de sus funciones misionales
