Workbook

Sheet FACTOR2-I
A1: Considero que mi participación en actividades de investigación, desarrollo tecnológico, creación artística, culturales, deportivas y de extensión ha contribuido a mi desarrollo integral como persona
A2: Opción | B2: Valor del factor | C2: Recuento | D2: Puntuación | H2: Tendencia
A3: Totalmente de acuerdo | B3: 5 | C3: 11 | D3: 5 | E3: =C3*D3 -> 55 | F3: =SUM(E3:E7) -> 93 | G3: =F3/$F$25 -> 0.35496183 | H3: =SUM(E3:E7)/SUM(C3:C7) -> 4.4285714
A4: De acuerdo | B4: 4 | C4: 8 | D4: 4 | E4: =C4*D4 -> 32
A5: Ni en acuerdo ni en desacuerdo | B5: 3 | C5: 2 | D5: 3 | E5: =C5*D5 -> 6
A6: En desacuerdo | B6: 2 | C6: 0 | D6: 2 | E6: =C6*D6 -> 0
A7: Totalmente en desacuerdo | B7: 1 | C7: 0 | D7: 1 | E7: =C7*D7 -> 0
A9: Considero que el reglamento estudiantil y las políticas académicas del programa son pertinentes y están actualizadas.
A10: Opción | B10: Valor del factor | C10: Recuento | D10: Puntuación | H10: Tendencia
A11: Totalmente de acuerdo | B11: 5 | C11: 4 | D11: 5 | E11: =C11*D11 -> 20 | F11: =SUM(E11:E15) -> 81 | G11: =F11/$F$25 -> 0.30916031 | H11: =SUM(E11:E15)/SUM(C11:C15) -> 3.8571429
A12: De acuerdo | B12: 4 | C12: 10 | D12: 4 | E12: =C12*D12 -> 40
A13: Ni en acuerdo ni en desacuerdo | B13: 3 | C13: 7 | D13: 3 | E13: =C13*D13 -> 21
A14: En desacuerdo | B14: 2 | C14: 0 | D14: 2 | E14: =C14*D14 -> 0
A15: Totalmente en desacuerdo | B15: 1 | C15: 0 | D15: 1 | E15: =C15*D15 -> 0
A17: Considero que los criterios para la concesión de estímulos académicos y apoyos socioeconómicos, son claros y justos.
A18: Opción | B18: Valor del factor | C18: Recuento | D18: Puntuación | H18: Tendencia
A19: Totalmente de acuerdo | B19: 5 | C19: 7 | D19: 5 | E19: =C19*D19 -> 35 | F19: =SUM(E19:E23) -> 88 | G19: =F19/$F$25 -> 0.33587786 | H19: =SUM(E19:E23)/SUM(C19:C23) -> 4.1904762
A20: De acuerdo | B20: 4 | C20: 11 | D20: 4 | E20: =C20*D20 -> 44
A21: Ni en acuerdo ni en desacuerdo | B21: 3 | C21: 3 | D21: 3 | E21: =C21*D21 -> 9
A22: En desacuerdo | B22: 2 | C22: 0 | D22: 2 | E22: =C22*D22 -> 0
A23: Totalmente en desacuerdo | B23: 1 | C23: 0 | D23: 1 | E23: =C23*D23 -> 0
F25: =F3+F11+F19 -> 262 | G25: =G3+G11+G19 -> 1 | H25: =(H3+H11+H19)/3 -> 4.1587302

Sheet FACTOR3-I
A1: Considero que el material académico producido por los docentes es pertinente y adecuado con las necesidades y objetivos de la Maestría en Ciencias de la Información y las Comunicaciones.
A2: Opción | B2: Valor del factor | C2: Recuento | D2: Puntuación | H2: Tendencia
A3: Totalmente de acuerdo | B3: 5 | C3: 5 | D3: 5 | E3: =C3*D3 -> 25 | F3: =SUM(E3:E7) -> 87 | G3: =F3/$F$25 -> 0.5 | H3: =SUM(E3:E7)/SUM(C3:C7) -> 4.1428571
A4: De acuerdo | B4: 4 | C4: 15 | D4: 4 | E4: =C4*D4 -> 60
A5: Ni en acuerdo ni en desacuerdo | B5: 3 | C5: 0 | D5: 3 | E5: =C5*D5 -> 0
A6: En desacuerdo | B6: 2 | C6: 1 | D6: 2 | E6: =C6*D6 -> 2
A7: Totalmente en desacuerdo | B7: 1 | C7: 0 | D7: 1 | E7: =C7*D7 -> 0
A9: Considero que los criterios y mecanismos utilizados para la evaluación de los profesores son transparentes, accesibles y eficaces
A10: Opción | B10: Valor del factor | C10: Recuento | D10: Puntuación | H10: Tendencia
A11: Totalmente de acuerdo | B11: 5 | C11: 8 | D11: 5 | E11: =C11*D11 -> 40 | F11: =SUM(E11:E15) -> 87 | G11: =F11/$F$25 -> 0.5 | H11: =SUM(E11:E15)/SUM(C11:C15) -> 4.1428571
A12: De acuerdo | B12: 4 | C12: 10 | D12: 4 | E12: =C12*D12 -> 40
A13: Ni en acuerdo ni en desacuerdo | B13: 3 | C13: 1 | D13: 3 | E13: =C13*D13 -> 3
A14: En desacuerdo | B14: 2 | C14: 2 | D14: 2 | E14: =C14*D14 -> 4
A15: Totalmente en desacuerdo | B15: 1 | C15: 0 | D15: 1 | E15: =C15*D15 -> 0
F25: =F3+F11+F19 -> 174 | G25: =G3+G11+G19 -> 1 | H25: =AVERAGE(H3,H11,H19) -> 4.1428571

Sheet FACTOR5-I
A1: Considero que las estrategias de flexibilidad curricular me han permitido personalizar mi formación de acuerdo con mis objetivos profesionales y académicos.
A2: Opción | B2: Valor del factor | C2: Recuento | D2: Puntuación | H2: Tendencia
A3: Totalmente de acuerdo | B3: 5 | C3: 7 | D3: 5 | E3: =C3*D3 -> 35 | F3: =SUM(E3:E7) -> 86 | G3: =F3/$F$41 -> 0.25595238 | H3: =SUM(E3:E7)/SUM(C3:C7) -> 4.0952381
A4: De acuerdo | B4: 4 | C4: 9 | D4: 4 | E4: =C4*D4 -> 36
A5: Ni en acuerdo ni en desacuerdo | B5: 3 | C5: 5 | D5: 3 | E5: =C5*D5 -> 15
A6: En desacuerdo | B6: 2 | C6: 0 | D6: 2 | E6: =C6*D6 -> 0
A7: Totalmente en desacuerdo | B7: 1 | C7: 0 | D7: 1 | E7: =C7*D7 -> 0
A9: ¿Cómo valorarías la efectividad de los énfasis en "Teleinformática" “Ingeniería de Software”, “Geomática” y "Inteligencia Artificial" en la formación integral de los estudiantes?
A10: Opción | B10: Valor del factor | C10: Recuento | D10: Puntuación | H10: Tendencia
A11: Totalmente de acuerdo | B11: 5 | C11: 0 | D11: 5 | E11: =C11*D11 -> 0 | F11: =SUM(E11:E15) -> 0 | G11: =F11/$F$41 -> 0 | H11: =SUM(E11:E15)/SUM(C11:C15) -> #DIV/0!
A12: De acuerdo | B12: 4 | C12: 0 | D12: 4 | E12: =C12*D12 -> 0
A13: Ni en acuerdo ni en desacuerdo | B13: 3 | C13: 0 | D13: 3 | E13: =C13*D13 -> 0
A14: En desacuerdo | B14: 2 | C14: 0 | D14: 2 | E14: =C14*D14 -> 0
A15: Totalmente en desacuerdo | B15: 1 | C15: 0 | D15: 1 | E15: =C15*D15 -> 0
A17: Considero que las estrategias pedagógicas y escenarios de práctica utilizadas en la Maestría en Ciencias de la Información y las Comunicaciones son coherentes y efectivas para facilitar los resultados
A18: Opción | B18: Valor del factor | C18: Recuento | D18: Puntuación | H18: Tendencia
A19: Totalmente de acuerdo | B19: 5 | C19: 3 | D19: 5 | E19: =C19*D19 -> 15 | F19: =SUM(E19:E23) -> 85 | G19: =F19/$F$41 -> 0.25297619 | H19: =SUM(E19:E23)/SUM(C19:C23) -> 4.047619
A20: De acuerdo | B20: 4 | C20: 16 | D20: 4 | E20: =C20*D20 -> 64
A21: Ni en acuerdo ni en desacuerdo | B21: 3 | C21: 2 | D21: 3 | E21: =C21*D21 -> 6
A22: En desacuerdo | B22: 2 | C22: 0 | D22: 2 | E22: =C22*D22 -> 0
A23: Totalmente en desacuerdo | B23: 1 | C23: 0 | D23: 1 | E23: =C23*D23 -> 0
A25: Considero que los sistemas de evaluación de los resultados de aprendizaje permiten una realimentación efectiva que contribuye a la mejora continua de la formación en los estudiantes.
A26: Opción | B26: Valor del factor | C26: Recuento | D26: Puntuación | H26: Tendencia
A27: Totalmente de acuerdo | B27: 5 | C27: 2 | D27: 5 | E27: =C27*D27 -> 10 | F27: =SUM(E27:E31) -> 84 | G27: =F27/$F$41 -> 0.25 | H27: =SUM(E27:E31)/SUM(C27:C31) -> 4
A28: De acuerdo | B28: 4 | C28: 17 | D28: 4 | E28: =C28*D28 -> 68
A29: Ni en acuerdo ni en desacuerdo | B29: 3 | C29: 2 | D29: 3 | E29: =C29*D29 -> 6
A30: En desacuerdo | B30: 2 | C30: 0 | D30: 2 | E30: =C30*D30 -> 0
A31: Totalmente en desacuerdo | B31: 1 | C31: 0 | D31: 1 | E31: =C31*D31 -> 0
A33: Considero que el proceso de evaluación y autorregulación de la Maestría en Ciencias de la Información y las Comunicaciones tiene en cuenta de manera efectiva las necesidades y expectativas de los estudiantes
A34: Opción | B34: Valor del factor | C34: Recuento | D34: Puntuación | H34: Tendencia
A35: Totalmente de acuerdo | B35: 5 | C35: 2 | D35: 5 | E35: =C35*D35 -> 10 | F35: =SUM(E35:E39) -> 81 | G35: =F35/$F$41 -> 0.24107143 | H35: =SUM(E35:E39)/SUM(C35:C39) -> 3.8571429
A36: De acuerdo | B36: 4 | C36: 14 | D36: 4 | E36: =C36*D36 -> 56
A37: Ni en acuerdo ni en desacuerdo | B37: 3 | C37: 5 | D37: 3 | E37: =C37*D37 -> 15
A38: En desacuerdo | B38: 2 | C38: 0 | D38: 2 | E38: =C38*D38 -> 0
A39: Totalmente en desacuerdo | B39: 1 | C39: 0 | D39: 1 | E39: =C39*D39 -> 0
F41: =F3+F11+F19+F27+F35 -> 336 | G41: =G3+G11+G19+G27+G35 -> 1 | H41: =AVERAGE(H3,H19,H27,H35) -> 4

Sheet FACTOR6-I
A1: Considero que las intervenciones y el apoyo proporcionados para alertarme de forma temprana, han sido útiles para mejorar mi rendimiento académico y facilitar mi progreso hacia la graduación.
A2: Opción | B2: Valor del factor | C2: Recuento | D2: Puntuación | H2: Tendencia
A3: Totalmente de acuerdo | B3: 5 | C3: 5 | D3: 5 | E3: =C3*D3 -> 25 | F3: =SUM(E3:E7) -> 82 | G3: =F3/$F$9 -> 1 | H3: =SUM(E3:E7)/SUM(C3:C7) -> 3.9047619
A4: De acuerdo | B4: 4 | C4: 9 | D4: 4 | E4: =C4*D4 -> 36
A5: Ni en acuerdo ni en desacuerdo | B5: 3 | C5: 7 | D5: 3 | E5: =C5*D5 -> 21
A6: En desacuerdo | B6: 2 | C6: 0 | D6: 2 | E6: =C6*D6 -> 0
A7: Totalmente en desacuerdo | B7: 1 | C7: 0 | D7: 1 | E7: =C7*D7 -> 0
F9: =F3 -> 82

Sheet FACTOR7-I
A1: Considero que la interacción con homólogos nacionales e internacionales ha mejorado mis competencias académicas y científicas, así como las oportunidades de desarrollo profesional.
A2: Opción | B2: Valor del factor | C2: Recuento | D2: Puntuación | H2: Tendencia
A3: Totalmente de acuerdo | B3: 5 | C3: 5 | D3: 5 | E3: =C3*D3 -> 25 | F3: =SUM(E3:E7) -> 77 | G3: =F3/$F$9 -> 1 | H3: =SUM(E3:E7)/SUM(C3:C7) -> 3.6666667
A4: De acuerdo | B4: 4 | C4: 4 | D4: 4 | E4: =C4*D4 -> 16
A5: Ni en acuerdo ni en desacuerdo | B5: 3 | C5: 12 | D5: 3 | E5: =C5*D5 -> 36
A6: En desacuerdo | B6: 2 | C6: 0 | D6: 2 | E6: =C6*D6 -> 0
A7: Totalmente en desacuerdo | B7: 1 | C7: 0 | D7: 1 | E7: =C7*D7 -> 0
F9: =F3 -> 77

Sheet FACTOR8-I
A1: Considero que la Maestría en Ciencias de la Información y las Comunicaciones me proporciona una formación adecuada para la investigación, fomentando el desarrollo de un pensamiento crítico, creativo e innovador
A2: Opción | B2: Valor del factor | C2: Recuento | D2: Puntuación | H2: Tendencia
A3: Totalmente de acuerdo | B3: 5 | C3: 7 | D3: 5 | E3: =C3*D3 -> 35 | F3: =SUM(E3:E7) -> 90 | G3: =F3/$F$9 -> 1 | H3: =SUM(E3:E7)/SUM(C3:C7) -> 4.2857143
A4: De acuerdo | B4: 4 | C4: 13 | D4: 4 | E4: =C4*D4 -> 52
A5: Ni en acuerdo ni en desacuerdo | B5: 3 | C5: 1 | D5: 3 | E5: =C5*D5 -> 3
A6: En desacuerdo | B6: 2 | C6: 0 | D6: 2 | E6: =C6*D6 -> 0
A7: Totalmente en desacuerdo | B7: 1 | C7: 0 | D7: 1 | E7: =C7*D7 -> 0
F9: =F3 -> 90

Sheet FACTOR9-I
A1: Considero que las políticas, programas y servicios de bienestar implementados en Maestría en Ciencias de la Información y las Comunicaciones son coherentes con las condiciones y necesidades específica
A2: Opción | B2: Valor del factor | C2: Recuento | D2: Puntuación | H2: Tendencia
A3: Totalmente de acuerdo | B3: 5 | C3: 2 | D3: 5 | E3: =C3*D3 -> 10 | F3: =SUM(E3:E7) -> 74 | G3: =F3/$F$9 -> 1 | H3: =SUM(E3:E7)/SUM(C3:C7) -> 3.5238095
A4: De acuerdo | B4: 4 | C4: 9 | D4: 4 | E4: =C4*D4 -> 36
A5: Ni en acuerdo ni en desacuerdo | B5: 3 | C5: 8 | D5: 3 | E5: =C5*D5 -> 24
A6: En desacuerdo | B6: 2 | C6: 2 | D6: 2 | E6: =C6*D6 -> 4
A7: Totalmente en desacuerdo | B7: 1 | C7: 0 | D7: 1 | E7: =C7*D7 -> 0
F9: =F3 -> 74

Sheet FACTOR10-I
A1: Considero que los espacios, recurso, herramientas y equipos de apoyo ofrecidos son pertinentes y se ajustan adecuadamente a mis necesidades formativas en los diferentes contextos que requiero.
A2: Opción | B2: Valor del factor | C2: Recuento | D2: Puntuación | H2: Tendencia
A3: Totalmente de acuerdo | B3: 5 | C3: 6 | D3: 5 | E3: =C3*D3 -> 30 | F3: =SUM(E3:E7) -> 85 | G3: =F3/$F$25 -> 0.5 | H3: =SUM(E3:E7)/SUM(C3:C7) -> 4.047619
A4: De acuerdo | B4: 4 | C4: 10 | D4: 4 | E4: =C4*D4 -> 40
A5: Ni en acuerdo ni en desacuerdo | B5: 3 | C5: 5 | D5: 3 | E5: =C5*D5 -> 15
A6: En desacuerdo | B6: 2 | C6: 0 | D6: 2 | E6: =C6*D6 -> 0
A7: Totalmente en desacuerdo | B7: 1 | C7: 0 | D7: 1 | E7: =C7*D7 -> 0
A9: Considero que el material bibliográfico y de información disponible en la Maestría en Ciencias de la Información y las Comunicaciones es pertinente y adecuado para apoyar el desarrollo de las distinta
A10: Opción | B10: Valor del factor | C10: Recuento | D10: Puntuación | H10: Tendencia
A11: Totalmente de acuerdo | B11: 5 | C11: 6 | D11: 5 | E11: =C11*D11 -> 30 | F11: =SUM(E11:E15) -> 85 | G11: =F11/$F$25 -> 0.5 | H11: =SUM(E11:E15)/SUM(C11:C15) -> 4.047619
A12: De acuerdo | B12: 4 | C12: 11 | D12: 4 | E12: =C12*D12 -> 44
A13: Ni en acuerdo ni en desacuerdo | B13: 3 | C13: 3 | D13: 3 | E13: =C13*D13 -> 9
A14: En desacuerdo | B14: 2 | C14: 1 | D14: 2 | E14: =C14*D14 -> 2
A15: Totalmente en desacuerdo | B15: 1 | C15: 0 | D15: 1 | E15: =C15*D15 -> 0
F25: =F3+F11+F19 -> 170 | G25: =G3+G11+G19 -> 1 | H25: =(H3+H11+H19)/2 -> 4.047619 | I25: =AVERAGE(H3,H11,H19) -> 4.047619

Sheet FACTOR11-I
A1: Considero que el representante estudiantil en los diferentes escenarios institucionales ha sido valorada y ha influido en las decisiones orientadas al mejoramiento de la Maestría en Ciencias de la Información
A2: Opción | B2: Valor del factor | C2: Recuento | D2: Puntuación | H2: Tendencia
A3: Totalmente de acuerdo | B3: 5 | C3: 0 | D3: 5 | E3: =C3*D3 -> 0 | F3: =SUM(E3:E7) -> 69 | G3: =F3/$F$25 -> 0.28870293 | H3: =SUM(E3:E7)/SUM(C3:C7) -> 3.2857143
A4: De acuerdo | B4: 4 | C4: 7 | D4: 4 | E4: =C4*D4 -> 28
A5: Ni en acuerdo ni en desacuerdo | B5: 3 | C5: 13 | D5: 3 | E5: =C5*D5 -> 39
A6: En desacuerdo | B6: 2 | C6: 1 | D6: 2 | E6: =C6*D6 -> 2
A7: Totalmente en desacuerdo | B7: 1 | C7: 0 | D7: 1 | E7: =C7*D7 -> 0
A9: Creo que los procesos administrativos están orientados adecuadamente y son eficaces para apoyar el desarrollo integral de las labores formativas, académicas, docentes, científicas, culturales y de extensión de la maestria en ciencias de la información y las comunicaciones
A10: Opción | B10: Valor del factor | C10: Recuento | D10: Puntuación | H10: Tendencia
A11: Totalmente de acuerdo | B11: 5 | C11: 3 | D11: 5 | E11: =C11*D11 -> 15 | F11: =SUM(E11:E15) -> 81 | G11: =F11/$F$25 -> 0.33891213 | H11: =SUM(E11:E15)/SUM(C11:C15) -> 3.8571429
A12: De acuerdo | B12: 4 | C12: 13 | D12: 4 | E12: =C12*D12 -> 52
A13: Ni en acuerdo ni en desacuerdo | B13: 3 | C13: 4 | D13: 3 | E13: =C13*D13 -> 12
A14: En desacuerdo | B14: 2 | C14: 1 | D14: 2 | E14: =C14*D14 -> 2
A15: Totalmente en desacuerdo | B15: 1 | C15: 0 | D15: 1 | E15: =C15*D15 -> 0
A17: Considero que los recursos humanos (profesores, personal administrativo, etc.) disponibles en la Maestría en Ciencias de la Información y las Comunicaciones son suficientes y adecuados para atender el l número de estudiantes matriculados y cumplir con los objetivos del Proyecto Educativo del Programa (PEP)
A18: Opción | B18: Valor del factor | C18: Recuento | D18: Puntuación | H18: Tendencia
A19: Totalmente de acuerdo | B19: 5 | C19: 6 | D19: 5 | E19: =C19*D19 -> 30 | F19: =SUM(E19:E23) -> 89 | G19: =F19/$F$25 -> 0.37238494 | H19: =SUM(E19:E23)/SUM(C19:C23) -> 4.2380952
A20: De acuerdo | B20: 4 | C20: 14 | D20: 4 | E20: =C20*D20 -> 56
A21: Ni en acuerdo ni en desacuerdo | B21: 3 | C21: 1 | D21: 3 | E21: =C21*D21 -> 3
A22: En desacuerdo | B22: 2 | C22: 0 | D22: 2 | E22: =C22*D22 -> 0
A23: Totalmente en desacuerdo | B23: 1 | C23: 0 | D23: 1 | E23: =C23*D23 -> 0
F25: =F3+F11+F19 -> 239 | G25: =G3+G11+G19 -> 1 | H25: =(H3+H11+H19)/3 -> 3.7936508 | I25: =AVERAGE(H3,H11,H19) -> 3.7936508

Sheet FACTOR12-I
A1: Considero que los recursos informáticos disponibles, corresponden adecuadamente con las necesidades tecnológicas de la Maestria de ciencias de la información y las comunicaciones y de sus miembros (profesores y estudiantes)
A2: Opción | B2: Valor del factor | C2: Recuento | D2: Puntuación | H2: Tendencia
A3: Totalmente de acuerdo | B3: 5 | C3: 5 | D3: 5 | E3: =C3*D3 -> 25 | F3: =SUM(E3:E7) -> 85 | G3: =F3/$F$9 -> 1 | H3: =SUM(E3:E7)/SUM(C3:C7) -> 4.047619
A4: De acuerdo | B4: 4 | C4: 13 | D4: 4 | E4: =C4*D4 -> 52
A5: Ni en acuerdo ni en desacuerdo | B5: 3 | C5: 2 | D5: 3 | E5: =C5*D5 -> 6
A6: En desacuerdo | B6: 2 | C6: 1 | D6: 2 | E6: =C6*D6 -> 2
A7: Totalmente en desacuerdo | B7: 1 | C7: 0 | D7: 1 | E7: =C7*D7 -> 0
F9: =F3 -> 85

Sheet Graficos-I
A2: FACTOR 2 | B2: PONDERACIÓN
A3: ='[1]FACTOR2-P'!A1:J1 -> Considero que mi participación en actividades de investigación, desarrollo tecnológico, creación artística, culturales, deportivas y de extensión ha contribuido a mi desarrollo integral como persona | B3: ='FACTOR2-I'!G3:G7 -> 0.35496183
A4: ='[1]FACTOR2-P'!A9:J9 -> Considero que el reglamento estudiantil y las políticas académicas del programa son pertinentes y están actualizadas. | B4: ='FACTOR2-I'!G11 -> 0.30916031
A5: ='[1]FACTOR2-P'!A17:J17 -> Considero que los criterios para la concesión de estímulos académicos y apoyos socioeconómicos, son claros y justos. | B5: ='FACTOR2-I'!G19 -> 0.33587786
A8: FACTOR 3 | B8: PONDERACIÓN
A9: ='[1]FACTOR3-P'!A1:J1 -> Considero que el material académico producido por los docentes es pertinente y adecuado con las necesidades y objetivos de la Maestría en Ciencias de la Información y las Comunicaciones. | B9: ='FACTOR3-I'!G3 -> 0.5
A10: ='[1]FACTOR3-P'!A9:J9 -> Considero que los criterios y mecanismos utilizados para la evaluación de los profesores son transparentes, accesibles y eficaces | B10: ='FACTOR3-I'!G11 -> 0.5
A13: FACTOR 5 | B13: PONDERACIÓN
A14: ='[1]FACTOR5-P'!A1:J1 -> Considero que las estrategias de flexibilidad curricular me han permitido personalizar mi formación de acuerdo con mis objetivos profesionales y académicos. | B14: ='FACTOR5-I'!G3 -> 0.25595238
A15: ='[1]FACTOR5-P'!A17:J17 -> Considero que las estrategias pedagógicas y escenarios de práctica utilizadas en la Maestría en Ciencias de la Información y las Comunicaciones son coherentes y efectivas para facilitar los resultados | B15: ='FACTOR5-I'!G19 -> 0.25297619
A16: ='[1]FACTOR5-P'!A25:J25 -> Considero que los sistemas de evaluación de los resultados de aprendizaje permiten una realimentación efectiva que contribuye a la mejora continua de la formación en los estudiantes. | B16: ='FACTOR5-I'!G27 -> 0.25
A17: ='[1]FACTOR5-P'!A33:J33 -> Considero que el proceso de evaluación y autorregulación de la Maestría en Ciencias de la Información y las Comunicaciones tiene en cuenta de manera efectiva las necesidades y expectativas de los estudiantes | B17: ='FACTOR5-I'!G35 -> 0.24107143
A20: FACTOR 6 | B20: PONDERACIÓN
A21: ='[1]FACTOR6-P'!A1:J1 -> Considero que las intervenciones y el apoyo proporcionados para alertarme de forma temprana, han sido útiles para mejorar mi rendimiento académico y facilitar mi progreso hacia la graduación. | B21: ='[1]FACTOR6-P'!G3 -> 1
A23: FACTOR 7 | B23: PONDERACIÓN
A24: ='[1]FACTOR7-P '!A1:J1 -> Considero que la interacción con homólogos nacionales e internacionales ha mejorado mis competencias académicas y científicas, así como las oportunidades de desarrollo profesional. | B24: ='[1]FACTOR7-P '!G3 -> 1
A27: FACTOR 8 | B27: PONDERACIÓN
A28: ='[1]FACTOR8-P'!A1:J1 -> Considero que la Maestría en Ciencias de la Información y las Comunicaciones me proporciona una formación adecuada para la investigación, fomentando el desarrollo de un pensamiento crítico, creativo e innovador | B28: ='[1]FACTOR8-P'!G3 -> 1
A31: FACTOR 9 | B31: PONDERACIÓN
A32: ='[1]FACTOR9-P'!A1:J1 -> Considero que las políticas, programas y servicios de bienestar implementados en Maestría en Ciencias de la Información y las Comunicaciones son coherentes con las condiciones y necesidades específica | B32: ='[1]FACTOR8-P'!G3 -> 1
A34: FACTOR 10 | B34: PONDERACIÓN
A35: ='[1]FACTOR10-P'!A1:J1 -> Considero que los espacios, recurso, herramientas y equipos de apoyo ofrecidos son pertinentes y se ajustan adecuadamente a mis necesidades formativas en los diferentes contextos que requiero. | B35: ='FACTOR10-I'!G3 -> 0.5
A36: ='[1]FACTOR10-P'!A9:J9 -> Considero que el material bibliográfico y de información disponible en la Maestría en Ciencias de la Información y las Comunicaciones es pertinente y adecuado para apoyar el desarrollo de las distinta | B36: ='FACTOR10-I'!G11 -> 0.5
A38: FACTOR 11 | B38: PONDERACIÓN
A39: ='[1]FACTOR11-P'!A1:J1 -> Considero que el representante estudiantil en los diferentes escenarios institucionales ha sido valorada y ha influido en las decisiones orientadas al mejoramiento de la Maestría en Ciencias de la Información | B39: ='FACTOR11-I'!G3 -> 0.28870293
A40: ='[1]FACTOR11-P'!A9:J9 -> Creo que los procesos administrativos están orientados adecuadamente y son eficaces para apoyar el desarrollo integral de las labores formativas, académicas, docentes, científicas, culturales y de extensión de la maestria en ciencias de la información y las comunicaciones | B40: ='FACTOR11-I'!G11 -> 0.33891213
A41: ='[1]FACTOR11-P'!A17:J17 -> Considero que los recursos humanos (profesores, personal administrativo, etc.) disponibles en la Maestría en Ciencias de la Información y las Comunicaciones son suficientes y adecuados para atender el l número de estudiantes matriculados y cumplir con los objetivos del Proyecto Educativo del Programa (PEP) | B41: ='FACTOR11-I'!G19 -> 0.37238494
A43: FACTOR 12 | B43: PONDERACIÓN
A44: ='[1]FACTOR12-P'!A1:J1 -> Considero que los recursos informáticos disponibles, corresponden adecuadamente con las necesidades tecnológicas de la Maestria de ciencias de la información y las comunicaciones y de sus miembros (profesores y estudiantes) | B44: ='[1]FACTOR12-P'!G3 -> 1
